mileage,vehicle_age,engine_hours,battery_health,maintenance_frequency,downtime,operating_conditions,failure
272979.9,119.9,7463.1,55.23,2,101.9,Normal,1
307434.2,56.9,7484.6,82.25,4,63.7,Severe,1
141684.0,92.0,5723.9,63.4,5,56.0,Normal,0
331525.7,99.1,9810.1,64.51,5,95.3,Normal,1
264645.3,80.4,8007.2,82.85,2,90.9,Normal,1
365967.8,83.5,14584.9,66.78,2,103.3,Extreme,1
83589.3,50.1,2837.1,84.37,5,25.1,Normal,0
147343.8,97.9,3503.3,65.62,6,56.6,Severe,1
167489.9,114.2,4162.2,60.49,4,85.5,Normal,1
226368.8,57.4,5665.2,88.02,1,61.9,Severe,0
225687.2,6.5,7229.9,90.37,4,31.4,Severe,0
403540.4,29.3,8810.2,83.29,2,75.0,Extreme,1
90260.6,91.5,2332.4,57.98,2,68.6,Normal,1
168911.3,114.7,5329.1,59.47,6,75.8,Severe,0
366660.2,115.0,11311.3,64.85,5,106.2,Severe,1
156716.6,117.8,4184.9,49.78,5,72.5,Extreme,1
238338.2,58.7,7076.8,74.25,3,59.3,Severe,0
125112.9,74.5,4666.6,70.9,5,42.4,Normal,0
67608.4,36.5,2174.9,88.59,3,26.2,Normal,0
63863.6,115.8,2652.6,61.04,2,88.1,Severe,1
252729.2,107.8,5231.6,57.89,3,95.7,Severe,1
22928.8,101.1,560.7,72.13,2,64.8,Normal,0
275221.1,15.9,7645.6,95.83,2,42.0,Extreme,0
340388.2,80.7,7230.3,63.79,3,85.4,Normal,1
119591.1,86.5,3146.2,67.43,6,50.0,Extreme,1
96978.2,92.0,2815.5,64.5,1,76.2,Extreme,1
262540.7,88.1,9133.1,64.41,4,69.9,Severe,1
406791.3,32.0,11109.2,89.67,1,70.6,Normal,1
237135.2,45.3,7429.9,79.35,2,58.5,Normal,0
186527.4,15.7,5984.5,88.57,1,36.7,Normal,1
237695.5,47.0,6477.7,87.25,5,56.5,Normal,0
422452.1,102.4,8985.1,64.18,3,117.6,Normal,1
384179.6,34.2,9766.6,90.03,4,69.1,Normal,0
87221.3,110.3,2476.4,65.46,6,59.1,Normal,0
238720.4,82.0,5306.1,72.92,6,61.5,Extreme,0
232536.3,16.4,6527.2,98.91,1,49.7,Severe,1
163366.6,18.1,4239.3,86.36,2,29.0,Normal,1
41170.8,61.0,1581.6,74.75,1,54.0,Severe,0
263432.1,63.3,5861.3,77.56,1,78.1,Severe,0
186753.6,102.3,5370.0,62.09,2,80.4,Severe,1
411022.6,19.9,11347.4,95.76,3,52.3,Severe,0
365909.6,82.6,8570.4,74.17,5,79.9,Normal,1
68105.0,58.3,1961.6,85.0,2,36.2,Severe,0
324540.3,69.4,10824.5,73.17,2,80.5,Normal,1
162531.7,16.1,4806.6,100.0,4,24.3,Severe,0
280341.1,67.7,11305.4,73.98,2,82.8,Normal,1
136495.4,32.9,5098.6,88.54,6,14.8,Normal,0
443650.7,60.5,9878.4,84.21,5,72.2,Severe,0
129773.8,30.9,4742.2,86.15,5,30.3,Normal,0
370532.3,107.7,11778.9,68.87,2,107.7,Normal,1
273787.0,43.3,7780.6,86.47,4,52.0,Extreme,1
327000.1,65.7,13181.9,76.41,6,67.5,Severe,1
432345.1,88.7,13811.6,75.29,2,105.7,Normal,1
50857.2,86.2,2180.5,68.81,1,58.0,Severe,0
210424.5,83.9,5012.4,77.29,6,60.0,Normal,0
398321.2,39.7,13020.8,84.32,3,72.0,Normal,1
316989.7,80.2,7824.6,70.9,1,88.4,Normal,1
151349.3,9.9,4507.6,99.86,6,18.7,Normal,0
169408.4,72.1,3759.8,68.58,4,61.1,Severe,0
332800.5,69.1,8757.9,75.63,6,66.2,Severe,1
283918.7,31.4,10484.9,84.4,4,57.6,Severe,1
106044.1,79.8,3482.0,76.46,4,54.0,Extreme,1
442390.1,50.0,15000.0,75.81,1,100.3,Severe,1
186134.7,21.9,4710.9,86.77,3,35.3,Severe,0
325242.4,47.9,7363.5,80.98,4,67.1,Severe,0
144286.0,27.9,3872.9,85.43,2,33.1,Normal,0
295641.2,11.2,7214.7,98.45,4,39.1,Extreme,1
174562.2,37.8,5472.6,85.56,1,53.5,Normal,1
171384.5,20.2,5816.6,99.66,2,28.7,Extreme,0
21112.1,17.4,1097.8,91.62,1,13.1,Normal,0
163149.3,15.7,6416.4,89.97,3,20.3,Normal,0
224579.0,17.3,8324.9,95.93,1,44.4,Severe,0
181367.3,64.6,3975.3,79.59,2,61.5,Severe,0
170234.8,47.5,4833.4,82.74,6,38.9,Extreme,1
226720.5,39.4,5616.9,92.12,6,47.7,Normal,0
25910.5,26.4,933.8,94.19,1,17.2,Normal,0
109206.7,71.3,4484.9,73.47,1,53.7,Severe,0
69147.2,112.4,2287.8,63.75,5,75.9,Normal,1
362071.0,79.9,8048.9,75.65,2,94.2,Severe,1
307454.2,96.1,8980.0,60.92,1,95.4,Severe,1
69336.7,70.2,2531.8,66.35,1,64.3,Extreme,0
244309.1,52.1,5644.7,86.47,4,58.4,Extreme,0
348340.2,95.0,10866.1,63.11,5,87.1,Normal,1
142227.4,43.4,3994.4,78.06,3,45.6,Severe,0
190377.6,12.1,4592.0,88.09,4,16.6,Normal,0
178662.2,45.2,3994.8,82.14,5,47.3,Severe,0
439582.9,19.0,14550.1,95.65,3,67.9,Normal,0
246745.1,85.9,5674.3,62.97,6,69.5,Normal,0
410617.5,65.2,10055.6,79.26,1,106.1,Extreme,1
89722.2,29.6,2847.7,86.3,1,25.4,Severe,0
134314.8,93.7,4679.7,63.89,3,79.7,Severe,1
45891.0,36.4,1378.2,85.53,2,37.7,Severe,0
58013.6,7.3,1641.2,100.0,1,27.6,Normal,0
274484.1,92.2,10105.2,69.96,5,72.2,Normal,1
322446.9,41.3,7912.3,80.69,6,56.0,Normal,1
150883.0,46.9,5778.0,83.62,1,60.9,Normal,0
331305.0,15.0,9500.1,94.07,3,43.0,Normal,1
371584.2,25.6,12832.4,92.28,4,50.3,Severe,0
198479.7,11.1,5804.9,91.04,2,32.2,Normal,0
89453.0,66.2,1991.3,80.14,6,33.8,Normal,0
53283.4,98.2,2398.8,64.89,3,64.0,Severe,1
293231.4,72.6,6816.4,62.54,2,81.8,Normal,1
308828.9,76.2,12415.5,72.52,2,88.9,Extreme,0
249524.1,9.0,8757.4,98.2,2,43.7,Extreme,1
170398.1,56.6,3733.0,78.88,5,36.9,Severe,0
47705.8,99.2,1546.2,68.74,6,47.6,Normal,0
93317.6,63.9,3903.3,79.75,1,56.0,Normal,0
440834.2,78.4,13013.2,62.84,5,94.7,Normal,1
22935.2,96.7,561.9,65.65,2,56.1,Extreme,1
224295.4,37.3,5187.5,82.9,4,49.6,Extreme,0
34249.8,35.2,841.2,93.79,1,34.6,Severe,0
305990.9,82.0,12148.8,74.72,3,84.4,Normal,1
107680.3,65.6,4578.0,80.39,1,62.7,Severe,0
440560.9,34.6,11377.5,88.74,2,79.6,Normal,1
181522.4,27.0,4418.5,81.66,6,17.8,Severe,0
440016.0,23.5,13026.3,93.9,4,64.2,Normal,1
299254.2,11.4,8944.8,94.74,6,26.0,Severe,0
326764.2,16.8,10849.7,98.87,2,52.4,Normal,0
295524.0,111.7,11229.8,64.61,3,93.2,Normal,1
22175.9,116.4,1170.0,61.92,6,53.6,Severe,1
345312.0,20.8,9021.9,97.2,6,33.1,Severe,1
322911.5,76.8,11179.9,71.61,4,73.1,Severe,1
225742.6,17.3,6308.2,89.09,6,15.9,Severe,0
193151.5,27.8,5143.5,90.81,1,38.6,Normal,0
261007.1,61.6,6168.3,76.29,2,72.6,Normal,0
39899.8,117.9,1413.9,58.57,5,74.0,Severe,1
375529.0,78.2,9965.5,69.64,6,81.5,Normal,1
431006.5,55.2,13004.4,74.65,3,75.5,Severe,1
79982.7,11.9,1999.3,91.53,6,0.0,Normal,0
156240.3,108.4,4489.5,59.86,4,82.9,Extreme,0
389886.8,116.9,9259.8,70.94,4,118.6,Severe,1
34391.4,7.9,1166.7,93.32,6,0.3,Normal,0
256519.1,74.2,6173.6,75.35,3,80.9,Normal,0
140883.7,37.4,4615.7,90.03,6,30.5,Extreme,0
175927.4,6.7,6070.6,96.86,2,32.2,Extreme,1
403802.9,59.2,10851.5,83.1,3,80.7,Extreme,1
37463.7,90.8,1538.2,67.32,3,48.5,Severe,0
284229.3,91.1,8086.4,65.02,6,71.9,Severe,1
371014.9,29.3,8283.9,90.84,4,62.6,Extreme,0
140058.0,7.8,5156.1,89.61,4,24.4,Normal,0
61429.7,64.2,1848.9,79.38,6,33.1,Normal,0
292192.2,59.0,10929.9,82.86,1,80.7,Severe,1
327712.2,101.0,7385.6,57.92,6,92.9,Normal,1
288543.6,109.8,5859.0,61.9,3,95.9,Normal,1
384748.7,76.1,13377.1,66.83,3,92.8,Normal,1
345632.6,34.2,12760.6,91.76,4,55.2,Normal,1
386145.6,25.5,9090.1,93.89,4,53.7,Normal,1
41195.9,93.9,1027.7,72.17,2,59.1,Normal,0
433323.3,86.9,15000.0,70.23,3,113.7,Extreme,1
340569.4,26.0,8729.3,86.88,2,62.1,Normal,1
374574.9,90.9,8230.2,64.62,3,91.6,Normal,1
337800.5,68.1,10617.7,82.36,3,78.2,Extreme,1
377301.1,51.2,8480.6,83.08,4,73.4,Extreme,1
197153.4,108.3,6266.9,63.35,6,70.8,Normal,1
219116.1,45.7,7919.9,76.51,6,46.8,Extreme,0
311110.4,63.2,7961.7,75.7,5,67.6,Normal,0
116162.9,112.2,2718.4,54.44,5,64.8,Extreme,1
208849.0,86.2,5181.3,67.52,4,75.9,Normal,0
144221.3,18.6,4949.7,100.0,2,33.2,Extreme,0
419030.7,73.2,9522.5,72.38,6,84.9,Severe,0
371877.6,103.7,7736.8,67.42,4,96.8,Severe,0
247334.3,105.9,7763.1,63.16,6,78.6,Severe,1
214924.1,41.1,6701.9,80.74,1,66.0,Severe,1
230008.4,15.6,9116.3,100.0,4,27.3,Normal,1
172941.7,71.0,5261.1,68.94,3,68.6,Normal,0
420978.4,53.2,9391.1,80.0,1,81.0,Normal,1
251960.4,58.6,7331.9,73.64,2,72.7,Extreme,0
109482.5,39.6,3752.5,80.98,2,44.8,Extreme,0
10207.8,104.3,566.1,63.68,2,72.5,Normal,0
45549.9,13.5,1652.9,98.91,3,14.6,Extreme,1
286860.7,67.3,7805.0,73.19,6,61.0,Normal,0
304484.6,115.7,6973.6,65.26,6,90.6,Severe,1
249503.2,28.9,8723.4,98.48,2,59.0,Extreme,1
244926.3,72.1,6401.5,71.54,3,67.5,Normal,0
407775.5,18.5,10457.7,91.52,4,55.2,Normal,1
65560.3,78.2,1452.9,83.49,4,40.6,Normal,0
33783.6,109.1,1637.5,60.22,2,78.8,Severe,1
335220.1,108.4,8872.8,58.83,1,118.3,Extreme,1
198805.9,9.3,4639.0,89.57,2,35.4,Normal,0
417314.1,59.1,9662.2,84.41,3,93.7,Severe,1
328309.1,96.5,9397.6,71.51,1,104.0,Normal,1
338776.7,49.2,10324.0,79.32,4,57.6,Normal,0
269317.9,22.1,6698.5,99.75,5,33.1,Extreme,1
171903.4,12.6,3686.9,99.02,5,15.1,Extreme,0
295908.4,79.0,9097.8,71.98,6,62.4,Normal,0
164396.0,17.9,4526.6,98.51,5,14.5,Normal,0
260891.6,101.1,6506.7,58.82,4,80.4,Normal,0
403875.1,114.4,10996.9,55.9,2,113.2,Severe,1
129903.2,65.0,5364.3,78.85,6,41.4,Normal,0
295381.5,113.5,8272.7,57.0,6,85.8,Severe,1
442416.3,52.7,15000.0,79.47,5,70.2,Normal,1
132287.0,15.3,5488.0,93.64,4,19.4,Normal,0
282985.1,101.7,8927.7,65.3,4,87.5,Normal,1
139579.5,12.3,4162.3,95.21,3,15.4,Severe,0
308722.6,50.4,7770.8,91.63,6,47.7,Severe,1
413288.8,27.7,15000.0,97.29,6,45.3,Normal,0
32833.6,47.3,1477.1,83.95,1,28.8,Extreme,1
394828.0,28.2,8813.5,92.65,3,67.1,Severe,0
113590.2,83.4,3125.3,71.27,1,72.8,Extreme,1
79367.6,65.9,2783.1,81.73,5,48.5,Severe,0
409534.5,118.5,12491.2,59.0,5,120.0,Normal,1
269816.6,12.5,8482.6,92.72,2,41.2,Severe,0
208581.0,97.4,7027.2,75.2,6,65.9,Extreme,1
94941.3,56.7,3255.1,85.3,1,54.2,Extreme,1
119852.2,11.3,2934.2,95.77,6,4.7,Normal,0
243849.9,91.4,9435.9,68.18,3,80.5,Normal,1
232277.3,50.7,6777.3,82.89,6,53.0,Normal,0
120198.2,45.4,3874.6,73.47,6,33.1,Normal,1
392250.6,21.3,9175.9,94.27,6,52.6,Normal,1
172940.1,56.7,4129.0,81.12,5,42.5,Normal,0
345448.6,64.7,7596.2,78.76,3,87.0,Severe,0
359740.3,95.6,8120.8,70.13,3,101.7,Normal,1
281060.4,84.9,7201.5,67.81,4,76.6,Extreme,1
237502.5,99.4,8001.0,67.18,5,83.9,Normal,1
94196.7,31.7,3600.8,87.18,6,23.7,Extreme,1
296473.8,70.4,9301.7,71.54,1,89.9,Normal,1
340621.8,45.6,12399.0,87.37,3,61.2,Normal,1
224916.8,13.2,6146.9,95.61,6,24.9,Severe,0
312338.2,37.7,9175.7,83.17,5,49.8,Severe,1
378182.9,28.3,8266.1,90.02,3,55.7,Normal,0
251156.4,62.5,6063.8,78.34,1,70.5,Extreme,1
326298.2,32.4,8946.3,92.61,4,63.0,Severe,1
187152.7,34.1,5723.7,83.1,5,28.1,Severe,0
371922.0,58.6,14175.0,83.75,2,82.2,Severe,1
385379.6,32.0,12894.6,92.71,3,65.0,Normal,0
325161.5,93.9,7224.9,64.62,3,94.4,Normal,1
146396.5,80.3,4187.2,78.29,1,67.9,Normal,0
188203.0,8.2,5757.3,100.0,4,15.5,Extreme,0
442792.5,66.0,14369.0,92.34,2,99.2,Severe,1
25801.9,11.5,952.3,98.42,1,14.8,Normal,0
176394.2,110.7,5046.6,60.0,6,77.9,Severe,1
147924.3,109.4,3494.5,64.87,6,68.0,Normal,0
168263.3,78.7,5983.1,70.88,5,60.9,Extreme,1
396618.9,116.1,10454.4,59.99,2,120.0,Normal,1
40965.5,45.3,1988.3,86.04,1,45.3,Severe,0
288539.3,49.4,8084.9,80.25,4,59.6,Normal,0
394404.6,11.5,9194.4,100.0,1,58.9,Normal,0
384138.4,111.7,8762.0,58.86,1,119.8,Extreme,1
424650.2,12.4,14850.3,94.94,2,65.4,Severe,1
145586.8,68.9,3939.8,70.88,2,64.7,Severe,1
440905.0,22.3,12000.9,93.22,2,79.0,Normal,0
95199.5,60.9,2331.9,74.71,4,37.8,Normal,0
163906.2,83.1,3624.1,68.39,4,57.8,Extreme,0
50158.7,89.6,1905.9,64.92,3,64.9,Normal,1
265127.5,37.9,9806.0,81.36,6,37.4,Normal,0
11858.9,91.2,705.0,60.41,4,54.2,Extreme,1
40471.4,51.4,1132.9,81.31,1,35.3,Severe,0
171615.0,117.4,4422.9,49.82,5,91.7,Normal,0
343974.8,119.4,11074.4,64.44,2,118.7,Normal,1
55978.1,80.4,1858.4,62.9,6,49.1,Severe,0
239710.6,93.7,6741.4,68.81,5,73.0,Normal,0
210717.5,79.5,6353.3,74.91,6,62.4,Extreme,0
223077.5,12.5,7239.7,88.15,3,27.6,Severe,0
309141.1,110.6,9268.0,63.08,1,101.6,Normal,1
184458.2,55.2,5173.0,69.21,5,46.7,Severe,0
65745.6,96.2,1835.9,68.27,5,52.0,Normal,0
356815.7,112.1,9531.5,60.8,3,109.2,Normal,1
363386.3,11.6,8335.9,98.23,1,60.1,Normal,0
235618.8,29.8,7269.7,92.21,5,31.9,Normal,0
130449.9,33.6,4152.5,90.45,1,51.2,Normal,1
367503.3,10.7,12658.7,90.82,5,35.2,Extreme,1
205565.1,13.9,4951.1,92.53,3,38.4,Normal,0
402355.0,49.9,10344.6,86.36,2,80.7,Extreme,1
25435.2,48.1,917.6,74.03,4,29.9,Extreme,0
300880.0,24.3,7868.7,89.84,5,36.3,Normal,1
77806.6,98.2,3085.4,67.45,4,61.7,Severe,1
125126.3,110.9,4421.9,63.04,2,77.4,Extreme,1
103294.5,91.4,4182.6,74.18,5,58.2,Extreme,0
410131.1,52.7,15000.0,83.59,2,88.6,Normal,1
165659.6,108.2,5090.8,52.83,4,83.4,Severe,1
143185.4,76.4,3380.1,67.79,4,58.7,Severe,1
293798.8,35.6,8512.5,85.14,4,43.9,Extreme,0
172227.5,72.7,4063.0,73.06,6,58.3,Normal,0
142861.3,109.5,3053.6,62.51,4,82.3,Severe,1
120401.4,76.2,4743.9,69.04,5,55.0,Extreme,0
340713.6,90.3,9109.6,69.13,4,84.7,Severe,1
203168.3,68.1,5098.9,78.12,1,65.7,Severe,0
246253.6,25.1,8244.1,88.53,6,33.0,Normal,0
149336.4,82.4,3677.1,67.81,1,82.0,Extreme,0
26433.1,8.5,711.8,97.21,1,6.9,Normal,0
71289.1,25.2,2007.8,94.5,5,10.9,Normal,0
75893.8,83.1,1980.2,74.43,2,70.7,Normal,1
272459.2,65.5,6977.8,81.34,5,69.9,Severe,0
20295.6,94.9,853.9,65.82,5,58.0,Extreme,1
177013.5,95.5,6987.9,66.25,3,84.8,Normal,0
336920.4,44.3,6929.4,92.72,5,56.6,Normal,1
42187.8,41.5,1320.6,84.34,6,25.8,Normal,0
140977.2,61.6,3425.5,78.54,2,57.4,Severe,1
308953.9,28.1,10252.3,94.7,1,70.9,Extreme,1
159000.9,117.6,4494.3,57.26,4,87.2,Normal,0
388814.2,110.3,10084.4,62.44,2,115.4,Normal,1
75199.9,98.9,2279.1,72.49,1,82.2,Severe,0
423707.3,26.7,13364.1,94.18,2,62.7,Normal,0
448476.8,116.0,9967.6,62.2,1,120.0,Normal,1
185140.0,20.3,5981.8,92.82,4,30.6,Extreme,0
392254.7,16.8,10069.9,98.41,4,55.9,Severe,0
368051.5,98.8,8859.9,61.56,2,103.1,Normal,1
238153.0,40.8,5357.8,89.3,4,55.7,Extreme,1
104226.7,60.7,3446.8,80.77,6,26.8,Normal,0
439531.1,67.1,11652.9,79.37,1,104.9,Normal,1
266589.3,106.2,8707.0,70.22,5,80.4,Extreme,1
58143.1,14.8,1550.8,86.63,5,7.7,Normal,0
113724.6,58.4,4144.0,79.26,2,58.3,Extreme,1
301556.6,34.8,6366.1,77.48,1,57.1,Normal,0
98279.5,70.8,2684.6,81.26,5,46.2,Normal,0
85347.4,89.7,3322.2,63.65,5,51.0,Normal,0
206253.4,88.8,6394.2,65.92,1,93.0,Severe,1
88178.4,91.0,2260.0,68.56,5,57.3,Normal,0
41923.5,56.0,1185.2,82.04,1,51.3,Normal,0
239277.0,96.3,8274.2,57.56,2,98.6,Extreme,1
287204.0,100.5,10015.6,61.8,1,109.8,Extreme,1
370212.3,90.2,12837.5,65.05,3,101.7,Extreme,1
343045.5,6.6,12033.4,100.0,4,40.3,Normal,0
382976.4,95.8,9265.5,57.81,4,95.2,Severe,1
215732.3,19.8,7042.2,97.68,5,24.7,Extreme,1
352645.4,76.0,7740.7,69.1,4,89.0,Severe,0
415806.2,96.7,13078.3,67.98,5,103.6,Normal,1
78066.5,104.3,2940.9,70.66,3,73.5,Severe,1
125513.9,102.3,3422.4,62.84,3,73.8,Normal,1
220109.1,42.0,8148.0,84.09,4,52.8,Extreme,1
172490.5,40.9,3568.3,89.54,1,59.0,Extreme,0
412507.0,18.3,14017.4,95.22,4,62.4,Severe,1
439144.9,58.2,10157.5,81.85,3,86.7,Normal,1
290491.1,116.7,9563.4,49.5,2,98.7,Normal,1
371703.7,33.3,9070.9,93.2,6,58.5,Normal,1
209697.0,110.2,5687.4,59.33,6,75.2,Severe,1
408531.0,18.5,14934.6,99.3,5,60.3,Severe,0
361666.7,77.9,12780.4,70.13,4,95.6,Severe,1
144066.4,40.2,3240.8,86.87,1,49.6,Normal,0
25512.9,38.7,1322.4,85.27,2,21.8,Normal,0
95207.0,104.5,3236.4,68.87,5,57.6,Extreme,1
170494.8,65.1,3747.0,69.46,6,43.9,Normal,0
63658.2,53.3,1894.2,81.64,5,34.1,Extreme,0
178882.8,83.9,7470.5,66.17,6,66.3,Severe,1
95363.0,24.8,2685.3,91.15,2,34.7,Severe,0
435924.5,50.3,10306.8,76.44,3,78.0,Extreme,1
419032.4,108.7,10399.5,66.06,1,120.0,Extreme,1
39312.7,80.4,1133.2,70.72,5,35.8,Normal,0
381831.8,42.5,9681.1,83.73,5,68.7,Extreme,1
83386.7,36.5,1844.1,90.67,4,21.2,Normal,0
41590.2,93.4,1643.4,65.5,1,71.1,Extreme,1
91132.9,53.5,2968.0,80.81,2,50.4,Extreme,0
141093.9,106.5,5187.4,70.5,6,69.2,Normal,0
435484.7,60.0,14442.3,75.03,1,95.1,Extreme,1
388387.6,34.3,8823.1,93.99,3,66.8,Extreme,1
300974.2,75.2,7340.5,75.47,6,73.6,Extreme,1
81141.9,44.4,3019.5,80.66,4,25.7,Severe,0
429518.7,43.8,15000.0,80.04,2,89.2,Normal,1
213993.6,101.5,6801.1,70.16,6,70.3,Severe,1
262061.4,6.9,6433.0,99.83,6,18.6,Normal,0
136100.4,14.2,3785.8,100.0,2,25.9,Severe,0
430492.8,55.7,12795.6,81.45,1,86.2,Normal,0
114344.8,35.4,3431.1,82.85,4,23.1,Normal,0
11351.4,103.9,437.8,61.68,4,51.9,Extreme,1
412578.4,66.1,10171.3,74.33,4,79.0,Normal,1
173854.8,53.1,6113.6,81.21,1,62.6,Severe,1
390238.3,37.1,13564.5,82.93,4,62.8,Normal,1
109800.4,89.6,3100.7,74.97,5,57.6,Extreme,1
236242.4,16.8,5295.6,97.36,1,37.0,Severe,1
105380.6,82.1,3970.5,70.33,3,57.6,Extreme,1
64698.4,82.0,2251.1,71.71,2,59.9,Normal,1
442830.9,46.2,13400.8,80.71,3,81.2,Normal,1
221749.7,107.7,8043.8,60.77,1,101.0,Normal,0
285104.8,98.0,8461.1,68.22,4,93.7,Severe,1
48852.1,102.2,2095.2,63.55,4,63.4,Normal,0
435025.7,85.8,10732.8,68.22,2,110.8,Normal,1
390997.3,58.1,9655.2,84.35,4,69.4,Severe,1
179326.7,114.3,4057.5,63.03,5,78.9,Severe,1
295740.5,51.6,11733.3,84.76,1,83.3,Extreme,1
265264.7,114.8,7731.1,64.39,6,92.3,Severe,0
444329.1,111.5,10723.6,59.75,4,120.0,Normal,1
357673.2,27.0,8794.9,85.79,2,54.4,Severe,0
259599.0,16.9,7446.0,93.61,1,46.5,Extreme,1
333046.9,88.4,8748.4,71.37,1,91.8,Normal,1
209000.7,30.3,7289.5,90.48,5,26.7,Severe,0
257877.2,11.4,10132.4,100.0,4,40.2,Extreme,0
439239.7,94.6,11384.3,77.79,4,97.1,Normal,0
418274.1,15.8,8927.9,84.66,5,57.1,Severe,0
369287.7,80.3,13845.2,64.01,5,85.6,Normal,1
231734.8,62.4,8144.7,73.76,2,73.9,Normal,0
408354.7,26.6,11789.0,100.0,3,62.4,Severe,0
340258.5,79.2,7884.8,76.67,2,98.8,Severe,1
285529.6,101.5,8933.6,63.49,3,99.1,Severe,1
391165.6,107.1,10564.4,57.09,2,118.2,Severe,1
408390.6,81.7,9538.3,68.97,3,94.2,Normal,0
338884.5,119.0,10063.9,54.39,2,111.0,Normal,1
128645.1,84.2,3303.1,57.96,2,65.5,Extreme,1
57355.0,23.4,1607.3,94.19,5,18.9,Normal,0
175484.9,34.5,4188.5,100.0,4,36.0,Severe,0
307560.3,41.7,8552.0,76.09,3,69.4,Severe,1
15256.0,25.5,786.1,99.12,4,17.1,Normal,0
200218.0,112.3,7997.0,58.17,4,81.7,Normal,1
237851.3,24.5,5791.1,83.86,5,39.2,Severe,0
425341.4,60.6,9500.4,73.12,3,89.9,Severe,1
150068.3,25.6,4788.2,89.75,1,40.1,Extreme,1
393448.4,104.9,13010.2,64.39,3,108.0,Severe,1
72735.7,94.1,2363.4,72.15,6,57.8,Severe,0
313793.3,83.0,11199.0,70.71,2,99.6,Normal,1
365977.7,36.9,7955.1,79.88,5,55.8,Normal,0
118364.2,102.7,3097.0,76.48,5,74.8,Normal,0
392971.2,118.9,8744.4,54.68,2,120.0,Severe,1
55019.9,50.7,2359.2,73.95,3,39.8,Severe,1
270616.6,111.5,7227.5,57.25,4,93.8,Normal,1
249179.7,80.4,7794.9,71.34,4,66.6,Normal,0
407916.4,100.1,9132.5,68.49,3,117.4,Severe,1
145008.3,32.2,4298.6,89.22,3,27.7,Normal,0
37515.5,52.2,1161.5,85.44,2,47.1,Normal,0
138833.6,9.5,3463.5,100.0,1,37.6,Severe,0
181172.5,42.4,5917.7,79.34,1,56.5,Normal,0
93066.0,46.3,2904.8,89.18,5,36.2,Severe,0
337806.8,45.0,11749.1,88.5,6,47.3,Normal,1
73884.0,101.6,1608.5,62.77,2,67.8,Normal,0
411474.0,94.0,9058.7,61.41,5,95.9,Severe,1
115719.3,105.1,4159.4,66.77,4,73.4,Normal,1
84624.3,102.7,2224.5,62.67,3,64.7,Severe,0
39437.4,63.2,1250.1,80.89,3,46.5,Normal,0
210454.9,21.4,5131.0,90.88,3,37.1,Extreme,0
123057.1,110.7,4909.7,49.94,6,61.6,Normal,0
121258.5,81.7,2756.1,82.05,4,58.1,Normal,0
82018.8,36.2,2146.5,83.81,4,20.9,Normal,0
320705.5,99.9,7123.9,74.52,2,103.8,Extreme,1
405256.6,101.0,15000.0,67.01,5,106.1,Severe,1
165393.5,101.7,6680.3,61.86,6,76.1,Normal,0
208314.5,87.0,6741.7,71.97,6,56.9,Severe,1
56834.2,27.7,1366.2,94.22,5,20.0,Severe,0
219822.9,81.3,6692.8,67.1,5,68.1,Normal,1
172908.4,74.2,6546.5,73.38,2,70.6,Normal,0
53565.3,91.5,2082.0,70.76,2,63.4,Extreme,1
66432.7,67.4,1836.2,80.82,3,48.4,Extreme,1
210295.7,43.9,4878.2,86.09,5,42.7,Severe,0
407926.7,70.8,10443.1,76.87,4,78.5,Normal,0
421418.5,50.6,15000.0,80.74,5,68.1,Severe,0
347676.3,31.4,8405.5,86.85,1,69.6,Extreme,0
159282.5,43.6,4910.1,98.39,3,46.4,Extreme,0
15702.7,86.9,879.3,66.75,4,49.8,Extreme,1
409774.5,14.5,12182.1,99.74,4,49.9,Normal,1
376576.8,119.1,10472.5,53.69,5,106.9,Severe,1
129501.6,97.2,3176.9,59.92,2,67.7,Normal,0
194171.5,111.2,6578.3,58.59,4,77.6,Normal,1
330785.5,84.2,7110.0,67.63,4,82.7,Normal,1
134004.1,112.9,4160.9,60.4,4,69.1,Normal,1
335898.7,6.5,8761.0,92.45,2,55.3,Severe,1
315421.9,70.6,6726.6,74.84,1,94.1,Severe,1
427005.3,106.5,11010.3,67.55,6,105.1,Extreme,1
24829.3,92.1,927.4,66.39,2,54.6,Extreme,1
166628.6,105.5,5014.2,60.83,5,65.8,Normal,0
31941.3,78.6,988.2,83.62,5,35.8,Normal,0
220363.5,49.2,6588.9,79.48,1,65.2,Normal,0
440984.6,85.5,9826.0,64.91,4,97.7,Severe,1
162768.1,48.7,5859.5,82.41,4,41.3,Normal,0
59735.5,76.3,1710.4,73.19,5,44.5,Severe,0
391756.0,116.5,12204.9,51.11,5,109.5,Extreme,1
318327.6,108.1,9286.6,63.06,4,103.5,Severe,1
192434.1,50.4,4371.1,85.38,4,54.8,Severe,0
339623.5,84.5,10048.8,72.54,1,93.2,Normal,0
190663.5,61.2,7497.3,74.98,4,57.3,Normal,0
403953.6,19.0,12126.1,90.8,3,64.0,Severe,1
430960.2,114.7,14783.2,68.99,4,119.7,Extreme,0
326549.1,116.2,8260.3,64.24,2,118.1,Severe,1
15536.4,49.0,639.7,86.89,5,28.1,Extreme,1
277889.0,106.5,8428.5,68.84,3,94.1,Normal,0
29793.7,112.0,1375.3,58.6,2,72.2,Extreme,1
308094.1,90.3,9341.4,73.9,3,94.8,Severe,1
339749.8,78.9,8389.8,77.24,4,86.6,Normal,0
162604.1,62.4,3325.7,76.52,4,61.0,Severe,0
99772.6,82.7,2308.7,70.16,1,67.3,Normal,0
113930.0,36.6,3546.9,87.78,1,35.8,Severe,1
438227.5,118.2,9313.9,59.41,1,120.0,Normal,1
297672.0,59.8,8928.2,74.36,3,73.6,Extreme,0
183558.4,93.7,3965.4,66.5,1,87.0,Normal,1
436048.8,20.6,15000.0,89.0,3,57.5,Extreme,1
207134.0,110.3,5038.9,63.23,5,83.7,Severe,1
300767.3,49.7,8687.0,81.35,1,71.0,Normal,0
157196.1,96.9,5555.7,65.59,5,62.7,Severe,0
319732.9,96.6,10056.9,71.85,1,95.1,Severe,1
151940.8,103.5,6063.9,55.19,1,94.7,Normal,1
433614.0,70.4,9616.8,81.55,3,91.4,Normal,1
46743.8,9.6,1852.5,98.68,5,6.4,Severe,1
384063.9,8.8,12996.5,100.0,4,42.9,Normal,0
154573.0,68.0,4589.8,72.88,4,58.7,Normal,0
196386.6,68.9,4275.3,80.04,1,62.1,Extreme,1
358601.9,110.1,9702.0,62.1,5,91.1,Normal,1
63557.2,93.1,2125.0,65.32,2,64.3,Normal,0
157634.5,105.7,6040.4,54.44,4,68.7,Normal,1
360641.2,7.5,8753.0,93.83,4,52.0,Severe,1
443067.6,48.0,9957.0,90.08,2,84.2,Severe,0
306923.2,71.6,6849.1,80.31,5,76.1,Normal,0
349982.3,65.1,9722.3,85.3,1,82.4,Normal,1
139747.2,103.4,4671.6,56.85,3,86.6,Normal,1
193676.8,108.4,5832.1,69.21,2,94.9,Severe,1
206446.7,48.3,6410.4,79.68,6,46.8,Normal,0
130891.2,33.8,3325.5,90.67,5,19.3,Normal,0
370898.8,104.3,14611.0,57.22,1,115.2,Normal,1
52707.5,94.7,1364.5,70.97,4,64.9,Normal,0
179526.6,69.9,7466.0,75.05,2,61.0,Normal,1
117434.9,78.1,4732.5,70.84,1,77.5,Extreme,1
285525.7,27.0,7594.7,92.06,1,63.6,Normal,1
251976.7,11.7,9173.1,93.29,4,23.4,Severe,0
173234.7,117.8,5683.1,60.32,3,82.7,Normal,1
211631.7,39.5,7460.2,92.52,3,56.9,Normal,0
148958.1,69.0,6004.1,77.35,5,50.6,Normal,0
224900.3,95.9,5819.2,70.78,4,81.1,Normal,0
109131.5,19.7,3622.2,87.15,5,8.8,Normal,0
439206.3,17.7,13488.9,87.95,1,74.6,Normal,1
192403.2,33.6,4493.9,88.35,6,31.5,Severe,1
58887.0,86.6,2633.8,69.97,4,62.8,Extreme,1
440595.7,42.8,15000.0,88.95,6,73.4,Extreme,1
193322.6,108.7,5677.3,64.75,1,85.9,Normal,1
280007.1,88.1,6384.3,74.4,2,82.1,Normal,1
381534.8,114.3,10909.5,58.04,6,92.7,Extreme,1
248023.9,101.2,6266.6,71.98,4,81.0,Normal,1
98229.3,49.7,2509.8,85.31,6,24.8,Normal,1
64869.5,37.4,2256.5,86.87,6,14.8,Severe,0
219730.2,97.1,7771.6,66.09,2,78.2,Severe,1
127820.5,65.0,3624.2,76.95,3,60.2,Severe,0
441416.0,91.3,11371.9,76.8,3,103.2,Extreme,1
185214.0,58.0,4869.8,85.04,5,51.1,Severe,0
364553.4,101.8,8385.4,64.51,2,98.7,Extreme,1
126606.5,87.0,4069.5,61.32,5,59.9,Severe,1
104938.8,33.7,3073.4,91.96,1,30.7,Normal,0
212997.4,55.2,5087.6,85.13,6,40.9,Normal,0
15440.9,101.5,801.1,69.78,2,74.0,Extreme,1
266832.0,64.7,7573.1,77.56,2,64.4,Normal,0
70960.7,93.5,2814.3,77.28,5,62.9,Normal,0
78465.2,7.0,3180.4,97.13,3,10.2,Severe,0
371716.7,104.2,7709.2,53.16,1,109.4,Normal,1
423776.1,30.0,13770.5,82.22,5,59.2,Normal,1
268579.4,15.3,6299.5,90.83,6,21.6,Severe,0
72027.0,16.8,2735.7,93.79,6,0.0,Severe,1
294813.0,31.7,7459.2,90.63,6,45.5,Normal,0
417419.8,30.9,12289.3,83.76,6,51.3,Extreme,1
209769.7,98.4,8225.6,65.18,1,95.5,Extreme,1
135629.1,115.5,4788.8,52.49,1,84.3,Normal,1
358724.0,8.2,10728.9,83.32,2,57.2,Normal,0
152044.3,67.6,4716.0,83.53,2,69.4,Normal,0
19333.9,117.8,537.8,72.31,6,60.0,Normal,0
250690.6,49.3,5541.2,83.08,1,68.1,Normal,0
77557.9,29.5,2126.2,80.77,3,33.4,Extreme,1
419633.7,97.2,15000.0,71.62,3,102.0,Normal,1
372385.8,116.4,12794.1,50.76,3,115.3,Extreme,1
211895.6,86.1,4705.9,63.1,5,62.5,Severe,1
33090.3,87.4,1106.8,66.08,5,41.4,Severe,0
379526.0,37.8,12835.4,80.78,1,71.0,Normal,0
427738.4,37.8,15000.0,84.06,2,69.9,Normal,1
264563.6,55.8,7274.6,81.68,4,54.0,Severe,0
17120.1,17.0,745.4,100.0,1,14.6,Extreme,1
416855.0,89.9,12124.9,73.76,3,95.6,Normal,0
143258.2,106.0,4873.2,60.33,3,81.8,Extreme,1
214535.8,97.0,6042.1,68.51,6,68.1,Normal,1
255442.4,91.6,6836.7,69.41,1,93.8,Normal,1
237488.6,12.9,5796.5,96.97,2,38.4,Normal,0
103559.8,45.2,2760.8,89.57,3,31.7,Normal,0
315427.9,118.6,7173.9,67.02,6,103.0,Extreme,1
242275.7,89.2,6240.0,64.64,4,78.5,Normal,1
242517.2,85.9,6449.4,71.45,2,93.5,Normal,1
169840.5,50.0,4954.9,77.59,3,46.7,Normal,0
382198.0,20.7,9017.1,82.29,1,67.9,Severe,0
363928.6,29.6,8013.9,94.36,4,49.1,Normal,0
268365.3,90.3,5815.7,75.26,5,81.9,Extreme,1
115378.9,6.3,4492.6,98.73,1,29.7,Extreme,1
24458.1,77.3,829.1,70.33,4,51.7,Normal,1
28022.8,84.9,1184.1,62.16,6,31.2,Severe,0
151230.6,38.5,4513.7,82.74,3,36.3,Normal,0
318405.9,59.9,6889.1,84.35,6,53.8,Normal,0
203852.9,105.8,4985.1,60.25,4,87.1,Severe,1
321353.8,74.8,10896.3,77.62,3,82.4,Normal,1
431047.8,43.6,9991.5,86.31,1,80.5,Severe,1
162702.9,31.9,6019.9,88.99,6,17.5,Normal,0
379963.4,32.9,11721.1,92.36,4,67.8,Severe,1
401663.2,86.8,9777.1,69.38,6,88.6,Normal,1
105549.2,7.8,3002.7,100.0,2,15.7,Normal,0
256377.9,81.5,10209.2,75.08,3,83.9,Extreme,1
71802.0,10.1,1883.6,84.94,2,25.5,Normal,0
448796.0,42.5,14564.3,80.89,2,84.3,Severe,1
374410.0,115.1,8701.5,52.07,5,96.6,Normal,1
275504.5,69.0,10760.4,70.18,1,78.2,Extreme,1
248716.3,70.9,10012.1,74.12,1,72.9,Severe,0
378152.2,14.7,8888.1,89.58,2,55.5,Normal,1
201451.6,53.9,6024.2,77.26,6,38.3,Extreme,0
400860.2,110.5,9968.0,58.04,5,111.2,Severe,1
341370.4,103.8,8426.8,59.96,5,88.3,Severe,1
289427.5,105.1,7836.4,56.24,1,108.7,Severe,1
234159.9,49.0,8821.6,79.74,6,43.6,Severe,0
276629.2,87.2,9194.1,68.83,6,75.2,Normal,1
70664.0,29.6,2304.9,93.89,3,16.9,Normal,0
280835.0,112.5,7018.6,66.71,5,88.7,Normal,0
352445.2,95.5,9971.6,62.8,6,96.3,Normal,1
150119.1,41.1,3279.6,91.12,4,38.9,Normal,0
141702.2,10.4,5225.3,91.12,6,9.1,Normal,0
448230.4,68.6,10028.3,75.05,6,86.8,Normal,1
155163.5,73.4,4013.0,79.86,6,53.3,Normal,0
309132.8,69.4,9088.5,78.39,6,67.1,Severe,1
145320.1,60.6,3986.7,80.91,5,41.9,Severe,0
439599.0,13.9,15000.0,94.84,3,65.5,Extreme,1
39782.3,62.8,1297.7,82.31,4,28.0,Severe,0
380487.5,16.0,10879.3,99.76,6,33.4,Normal,0
120431.2,48.2,4340.8,79.5,3,44.7,Normal,0
417914.9,79.4,12815.7,66.69,4,99.8,Severe,1
387309.7,89.5,13206.7,71.74,2,98.9,Severe,1
295611.6,27.9,9098.9,99.37,6,41.7,Normal,0
66186.5,104.0,1846.4,62.08,2,75.6,Extreme,1
244537.9,91.7,6071.7,64.76,3,89.2,Extreme,1
409513.9,96.1,13120.5,66.02,1,111.4,Normal,1
240708.7,88.3,6096.9,65.51,2,93.2,Severe,1
177268.3,13.0,4643.8,92.29,4,18.9,Normal,0
439450.6,113.1,11107.1,49.84,6,115.2,Extreme,1
68711.5,113.1,2675.0,52.56,5,58.8,Normal,1
149080.3,104.2,4280.7,76.18,3,81.3,Normal,1
172102.6,36.2,5866.5,89.57,5,31.3,Extreme,1
410575.7,45.6,9585.7,81.7,6,56.8,Extreme,1
46996.5,41.4,1559.7,78.46,1,42.3,Extreme,1
212059.9,72.4,5508.5,71.99,6,47.9,Severe,1
42768.0,23.3,1329.3,100.0,6,3.4,Normal,0
55268.9,86.5,1593.5,79.85,4,52.0,Normal,0
226873.4,82.5,6180.1,74.73,2,70.1,Normal,1
364022.9,39.9,8477.1,93.57,6,46.0,Normal,0
367155.9,42.7,11770.7,85.35,3,72.1,Extreme,1
142374.7,103.7,5036.3,63.62,2,75.0,Normal,1
285624.5,42.3,9984.7,81.21,6,44.6,Extreme,1
212298.6,83.3,4999.7,64.42,5,71.8,Normal,1
62015.1,16.1,2142.2,96.96,5,12.4,Normal,0
381223.7,84.0,15000.0,71.49,5,87.2,Severe,1
244116.3,40.4,8909.2,87.81,2,55.4,Extreme,1
345416.1,81.4,11102.1,72.34,3,90.9,Normal,0
92878.4,14.5,2273.0,95.25,4,14.3,Normal,0
84724.2,79.6,2191.6,70.2,5,39.4,Normal,1
73410.2,13.2,1563.5,96.94,6,12.7,Normal,0
26062.4,42.6,1371.8,74.17,1,30.4,Normal,1
381809.0,51.1,8234.9,84.95,2,71.5,Severe,1
239831.6,61.8,5930.1,84.6,5,65.0,Severe,1
412845.6,27.7,13259.2,95.66,2,75.1,Extreme,1
129332.1,31.5,3602.4,90.37,3,26.8,Extreme,0
359018.6,69.0,9200.1,82.83,1,99.0,Severe,1
124412.5,96.9,3261.3,66.89,2,80.5,Normal,1
282430.3,10.5,9806.9,100.0,6,22.3,Severe,1
45886.1,30.4,2148.1,86.26,6,13.2,Severe,0
334489.1,99.8,10293.3,67.94,3,91.8,Normal,1
424027.0,93.6,9141.1,63.57,4,108.3,Extreme,1
145681.1,49.5,3405.8,82.18,6,25.6,Normal,0
61985.1,100.5,2126.5,63.84,3,62.1,Severe,1
331849.2,66.2,9614.0,81.24,1,91.7,Normal,1
303234.6,82.8,12037.8,73.13,5,77.7,Normal,1
268675.6,9.1,10048.0,100.0,6,20.3,Extreme,1
231555.7,70.2,8381.4,74.89,6,61.7,Normal,0
82543.2,80.6,2166.2,71.58,6,46.1,Normal,1
60308.0,59.0,2121.8,86.6,4,43.6,Normal,0
330563.0,99.2,8175.4,69.07,3,93.7,Normal,1
423120.6,87.9,9332.7,65.82,6,92.9,Extreme,1
191101.6,78.5,4396.0,76.3,1,85.5,Severe,0
356822.5,75.8,9676.8,73.69,5,82.3,Severe,0
337706.9,99.3,13010.5,68.52,2,105.1,Severe,1
105631.3,28.9,2502.6,80.3,5,26.0,Severe,0
344929.0,37.8,10792.7,89.73,3,62.5,Normal,1
193927.4,35.1,5001.2,94.23,4,41.0,Extreme,1
335720.2,57.1,7154.3,83.29,2,75.8,Extreme,1
386213.7,101.7,11022.9,62.67,2,102.5,Extreme,1
98712.0,48.7,3276.9,89.75,1,48.6,Severe,0
332657.5,87.5,7474.4,64.16,3,100.9,Normal,1
426885.9,80.0,11769.5,69.04,5,84.8,Severe,1
46465.6,51.9,1868.7,80.81,4,39.8,Extreme,1
156461.6,78.1,3845.3,72.61,4,50.8,Severe,0
125075.9,64.1,3954.0,79.76,5,40.2,Severe,0
155375.8,39.7,5691.1,79.4,6,21.2,Severe,0
212292.5,118.2,7084.9,59.93,5,97.0,Severe,1
332434.0,14.8,8715.7,80.54,6,26.5,Normal,0
33401.6,12.4,1276.0,98.48,5,5.3,Severe,0
123688.7,46.7,5030.4,89.32,6,28.9,Normal,0
139162.3,76.6,3180.5,67.29,4,64.0,Normal,0
164645.5,119.3,4972.8,47.91,2,98.4,Normal,0
161742.9,68.3,4766.8,81.97,1,72.0,Extreme,0
355638.9,50.1,10186.7,72.23,6,54.2,Severe,0
132650.1,94.9,2982.6,70.4,1,75.5,Normal,1
343635.7,16.3,8651.0,89.73,4,36.7,Normal,0
350890.3,39.2,9574.0,89.57,2,63.7,Normal,0
234156.8,38.6,5930.1,83.52,5,50.1,Normal,0
243907.7,96.3,5755.8,63.59,6,77.5,Normal,0
306762.9,60.2,8071.5,86.22,2,83.2,Normal,1
297262.1,117.2,8189.4,57.58,2,116.9,Normal,1
432573.8,92.1,12953.9,74.32,1,107.3,Normal,1
257911.5,18.2,6946.0,94.34,3,50.8,Normal,0
402934.5,19.9,12940.8,100.0,3,58.4,Extreme,1
135106.6,79.5,2876.4,75.39,6,55.1,Normal,0
236553.5,115.8,5276.2,56.86,5,90.8,Severe,1
184017.3,103.3,6944.6,81.87,4,69.5,Severe,0
220618.4,48.8,5255.5,88.25,4,51.8,Normal,0
230536.6,102.6,6652.7,66.23,2,93.6,Normal,1
10700.9,77.5,699.3,73.34,5,33.1,Normal,0
384786.3,118.3,9495.8,61.06,3,120.0,Severe,1
318641.6,17.3,10156.7,95.43,4,35.3,Normal,1
325865.2,30.0,9828.2,90.44,4,48.2,Normal,0
189575.4,6.5,4515.4,99.65,3,34.2,Normal,0
198686.0,53.8,5806.5,82.41,3,45.8,Normal,0
127715.4,15.3,3926.1,93.97,2,26.0,Severe,0
348180.1,51.8,8928.7,81.95,2,86.5,Severe,1
328371.4,48.3,7691.1,82.83,3,58.6,Normal,0
29328.1,83.4,1088.7,62.76,1,54.3,Severe,0
47739.8,59.2,1219.0,80.77,5,35.8,Severe,0
98003.9,33.2,3074.3,83.69,3,22.6,Normal,0
184868.4,85.3,4143.3,70.93,3,74.8,Extreme,1
175011.9,44.5,5478.5,81.69,2,43.3,Severe,1
313101.8,41.9,6657.4,86.69,2,56.5,Normal,1
193775.1,72.7,7883.7,74.07,5,52.5,Normal,0
16248.6,113.8,802.0,50.47,5,61.5,Severe,1
213958.8,112.7,4727.9,58.97,4,82.5,Extreme,1
434138.4,16.5,15000.0,89.43,5,45.0,Normal,0
254351.5,66.4,10207.0,73.79,5,60.5,Extreme,1
30427.1,68.3,813.8,73.76,5,42.8,Extreme,0
115295.2,42.6,2722.4,86.48,1,51.4,Normal,1
15711.9,108.8,716.3,69.76,3,63.5,Normal,1
310969.1,23.2,7849.2,84.95,6,36.9,Severe,1
295384.7,62.1,11146.2,81.89,5,55.2,Normal,0
192516.7,66.7,4335.4,72.73,3,63.6,Normal,0
46657.8,8.0,1940.8,100.0,3,14.6,Normal,0
156449.5,116.9,4655.5,69.87,4,91.9,Normal,0
106384.4,49.3,3333.4,75.07,3,46.7,Normal,0
426251.2,89.9,9098.9,74.93,6,101.6,Severe,1
194702.7,93.7,6797.3,66.93,4,71.5,Normal,1
22150.3,114.2,880.3,57.8,4,66.4,Normal,0
340562.1,16.7,9754.4,89.29,6,34.5,Severe,0
12229.9,29.9,798.6,84.23,2,21.1,Normal,0
321160.8,99.0,12726.0,66.15,4,87.1,Normal,1
155183.5,119.1,6260.0,56.85,5,79.8,Normal,1
270835.9,57.1,6107.8,79.6,5,50.9,Normal,0
202203.4,52.9,8198.4,77.75,4,45.3,Severe,0
200759.2,102.6,6155.6,63.22,6,73.1,Severe,0
257364.9,66.6,5627.3,79.78,4,71.7,Severe,1
288367.8,75.4,8478.2,73.79,1,83.9,Normal,0
271253.3,43.3,5832.0,88.12,5,48.3,Normal,0
354257.4,14.6,12678.8,100.0,4,44.4,Severe,0
184299.5,116.7,5214.4,56.72,2,101.0,Severe,1
430794.9,27.9,12718.0,77.78,5,69.3,Extreme,1
336822.7,87.1,10554.4,67.14,2,89.0,Normal,1
378599.8,104.6,12830.0,70.06,2,119.5,Severe,1
210615.7,43.0,5792.1,81.4,5,47.6,Normal,0
13492.1,87.0,559.3,68.12,2,54.5,Normal,0
357632.6,105.3,8329.5,59.2,6,94.2,Normal,1
159993.0,81.7,5192.1,91.57,6,61.1,Normal,0
34370.8,93.2,1529.8,62.27,2,63.7,Extreme,1
410252.4,66.5,12146.1,71.27,5,74.2,Extreme,1
75392.1,32.8,1819.5,92.02,3,30.9,Normal,1
397600.4,24.0,13949.3,96.47,6,53.9,Severe,1
69623.2,108.8,2663.5,67.63,4,59.3,Extreme,0
73373.9,91.5,2616.4,70.32,2,68.5,Normal,1
261356.8,41.9,7405.5,91.98,6,46.8,Severe,0
73449.7,114.5,2367.1,51.81,3,80.2,Normal,1
372695.4,19.9,8690.8,91.0,1,55.7,Normal,1
129086.1,72.5,4090.8,62.21,1,60.4,Normal,0
62079.9,38.7,2276.0,83.78,6,18.2,Normal,0
98122.4,78.3,2634.7,67.45,4,45.7,Normal,0
110299.5,118.8,3523.5,66.05,3,89.2,Extreme,1
315828.4,52.0,9317.1,75.35,6,55.3,Normal,0
112629.6,107.8,3467.6,63.37,4,77.2,Severe,1
105372.6,45.8,4251.4,81.35,3,45.7,Normal,0
432529.2,108.7,12013.9,65.97,2,120.0,Severe,1
351093.4,89.9,11484.7,68.12,5,86.1,Extreme,1
370052.3,22.9,9288.6,96.42,6,47.1,Normal,0
60065.4,117.4,1375.3,61.96,6,67.7,Normal,1
358381.7,75.3,11781.4,72.86,4,75.7,Severe,0
410010.5,103.3,12936.2,49.74,4,112.6,Extreme,1
388475.6,20.3,15000.0,78.77,2,66.5,Severe,1
312371.3,50.8,12321.0,85.59,6,57.4,Normal,1
120941.0,34.5,3257.8,89.73,3,27.6,Normal,0
431578.5,49.0,11567.6,86.31,4,83.0,Severe,1
47773.2,110.1,1385.4,63.04,6,67.7,Severe,0
103614.2,8.6,2311.2,97.2,2,22.7,Normal,0
17284.7,100.4,769.7,64.45,3,55.7,Normal,0
112908.3,100.8,4156.0,63.53,5,72.9,Severe,1
351100.2,48.4,11479.5,78.7,1,69.6,Severe,1
30902.0,61.5,951.9,72.1,3,43.7,Normal,0
390981.4,87.2,10067.3,71.7,6,96.4,Extreme,1
183380.8,17.1,5444.4,84.5,1,45.0,Normal,0
290022.2,17.9,9026.3,94.93,1,45.3,Extreme,1
152262.9,63.5,3762.0,76.11,1,71.4,Normal,1
310677.3,21.8,11276.5,90.9,2,55.7,Normal,0
159984.1,61.2,5204.3,86.34,6,50.4,Extreme,1
222679.4,53.5,4533.4,91.86,5,56.8,Normal,0
342834.6,112.6,7174.1,70.15,3,109.2,Extreme,1
406638.6,98.9,9002.2,73.49,3,109.6,Severe,1
178182.6,114.6,7102.7,54.45,1,92.0,Normal,1
102001.4,54.6,2583.6,82.1,3,35.7,Normal,0
356793.7,93.9,8883.3,70.58,3,102.6,Extreme,1
178522.6,68.2,6104.9,78.01,5,58.8,Extreme,0
131956.0,71.9,5071.4,78.12,1,68.4,Extreme,0
407000.3,42.9,9567.3,89.45,3,84.2,Normal,1
29774.6,107.9,892.5,55.98,4,68.2,Normal,1
424936.8,35.3,10820.8,94.87,4,71.0,Severe,1
143293.3,6.3,4859.7,90.57,6,6.2,Extreme,1
346417.5,66.2,12316.2,74.19,1,81.0,Severe,1
305434.3,57.0,7111.5,80.97,3,75.0,Extreme,1
399560.2,39.8,11735.6,87.93,3,67.8,Normal,1
262852.2,31.2,8501.0,95.42,2,55.6,Normal,0
10721.5,46.1,702.5,87.25,2,35.6,Normal,0
152954.5,58.5,5433.2,78.69,6,43.8,Severe,0
209593.7,35.0,4616.3,85.46,4,31.4,Normal,1
51994.8,46.0,1427.7,83.44,2,44.7,Severe,1
297479.1,76.3,9315.3,86.16,5,64.8,Severe,1
320035.7,76.5,12820.8,75.69,4,71.2,Severe,1
414933.8,24.0,11411.7,96.97,3,55.2,Severe,1
230617.0,113.0,9383.2,48.5,3,90.7,Extreme,1
163210.2,116.2,4784.6,59.02,2,90.6,Normal,1
349542.0,41.1,9218.2,86.49,1,81.0,Extreme,1
216544.8,79.7,6623.3,76.44,6,67.3,Normal,0
171603.9,47.9,6331.0,83.63,1,61.3,Normal,0
196173.1,34.2,5910.7,84.34,2,42.8,Normal,0
278060.8,83.6,6030.3,69.67,4,86.0,Extreme,0
168216.1,78.8,4113.5,64.15,4,71.0,Severe,0
235664.4,11.0,7189.9,92.03,3,30.3,Severe,0
228771.6,48.3,5020.5,88.63,5,40.1,Severe,0
179062.9,83.9,4398.8,62.95,3,78.7,Extreme,1
79343.8,51.7,2256.9,89.51,6,24.3,Normal,0
112859.3,66.0,2551.1,75.0,3,56.2,Normal,0
117317.0,42.1,3894.5,86.74,6,16.3,Severe,1
417638.4,29.0,13659.4,79.9,1,70.4,Normal,1
110750.6,84.6,2754.9,65.91,6,56.9,Extreme,0
171757.5,95.5,3854.7,58.68,2,86.6,Normal,1
389478.9,71.6,9214.4,66.64,4,86.5,Extreme,1
43539.3,93.7,1373.8,63.54,4,65.5,Normal,0
84474.6,92.6,3029.2,65.55,3,67.6,Extreme,0
295778.3,93.9,11801.2,67.06,2,91.2,Extreme,1
274823.9,93.2,5981.7,69.87,4,91.5,Severe,1
364274.4,42.6,10007.8,75.47,5,66.6,Normal,0
387868.4,32.9,8010.3,88.7,1,65.0,Normal,1
270511.5,82.2,9887.2,68.13,5,82.7,Severe,1
394803.0,87.9,12580.6,67.21,5,93.3,Normal,1
210509.8,45.6,7294.5,82.4,6,30.3,Extreme,0
312242.5,100.5,10042.0,67.02,3,88.0,Severe,1
91743.5,44.5,2375.5,90.7,5,34.4,Normal,0
309400.9,109.2,6860.9,58.93,4,106.0,Extreme,1
261408.9,25.4,9183.5,86.98,1,58.1,Normal,0
435874.8,90.1,14711.3,67.2,3,105.8,Severe,1
115806.1,71.3,3398.5,80.24,3,60.5,Normal,0
80115.0,18.8,2616.1,95.3,5,9.1,Normal,0
273960.2,14.0,6731.5,93.01,6,35.9,Severe,0
424865.7,33.0,13917.6,87.29,3,79.3,Severe,0
422764.0,49.2,11318.2,91.95,4,84.8,Normal,1
431584.1,14.2,14723.7,85.91,5,56.9,Normal,0
226453.7,49.2,8619.1,80.74,5,38.7,Normal,0
274341.2,88.6,6607.2,71.74,3,87.8,Extreme,1
268644.5,14.4,10841.5,95.71,2,43.5,Normal,0
90835.5,47.0,3117.9,75.25,1,49.4,Normal,0
161942.5,67.7,6151.3,71.77,1,64.6,Normal,1
389752.0,36.4,14049.1,85.05,1,80.3,Extreme,1
54828.0,55.0,2007.9,87.99,4,36.5,Normal,0
299196.5,21.5,11533.5,82.56,4,41.5,Normal,0
325488.9,70.5,8703.8,78.34,4,75.6,Normal,1
154669.9,97.3,5837.5,59.75,2,79.2,Severe,1
107621.9,13.6,2997.4,94.66,4,22.1,Normal,0
144098.6,119.4,5684.9,60.62,4,89.5,Normal,0
186892.7,87.5,4842.3,69.02,2,87.0,Severe,1
84279.6,82.1,3374.2,74.14,6,40.4,Extreme,1
231212.1,73.5,7227.5,72.98,6,60.5,Severe,0
284779.4,40.0,7347.5,92.46,1,61.6,Normal,1
37279.4,71.0,1213.0,71.07,4,46.2,Normal,0
289935.8,32.0,6930.1,89.64,5,48.8,Extreme,0
446459.0,12.2,9500.5,98.81,1,74.3,Extreme,1
378349.1,65.1,9332.8,69.89,6,82.0,Severe,1
426621.1,44.0,15000.0,90.5,5,62.6,Extreme,1
119652.4,21.6,3685.8,93.31,6,4.2,Severe,0
394585.7,18.4,11280.8,97.91,5,43.0,Normal,0
101568.8,66.4,2526.9,82.2,3,43.6,Severe,0
355499.1,115.5,8232.8,53.65,3,109.5,Normal,1
155316.4,97.0,3836.8,73.41,2,70.1,Normal,0
91600.4,12.5,2263.8,86.26,4,20.8,Normal,0
322625.7,70.8,11234.2,73.41,1,87.6,Normal,1
78686.9,112.5,2084.2,56.53,1,75.9,Normal,0
394325.5,39.4,8398.2,90.74,6,65.5,Extreme,1
312198.5,66.2,12219.4,76.71,6,65.3,Severe,1
55379.2,78.7,1450.9,62.55,4,43.8,Normal,1
179551.9,93.1,7179.9,69.09,6,59.1,Extreme,1
404902.7,46.0,9841.9,94.61,5,72.3,Extreme,1
87948.9,117.7,2835.7,66.23,3,86.5,Normal,0
123466.9,65.2,3890.2,76.91,4,56.2,Normal,1
280593.2,99.3,11328.5,59.86,6,87.2,Normal,1
27414.7,39.5,605.9,81.62,5,14.3,Extreme,1
137141.4,71.3,3037.2,66.22,1,57.1,Normal,0
268784.9,105.3,9955.9,57.3,4,100.5,Severe,1
274162.9,36.0,7266.0,75.65,4,50.4,Extreme,0
31383.5,49.3,1249.7,80.33,5,20.3,Normal,0
424644.8,16.8,9156.7,100.0,5,46.1,Severe,1
210645.1,59.9,4648.2,86.4,4,54.1,Normal,0
350865.2,117.6,8393.5,57.04,1,120.0,Severe,1
414383.9,15.8,9703.0,91.06,1,71.1,Extreme,1
228999.4,107.7,5225.7,57.52,3,100.5,Extreme,1
401381.5,81.3,11395.9,72.73,1,96.3,Severe,0
440354.9,29.3,15000.0,83.37,1,77.0,Extreme,1
225929.8,68.2,5705.7,78.15,2,72.9,Severe,1
216501.0,50.7,4987.4,80.33,5,41.3,Severe,0
114775.4,111.4,3749.3,63.66,6,71.1,Normal,1
317089.9,32.6,7607.0,81.14,2,58.8,Normal,0
415657.2,69.4,9371.1,74.73,6,79.4,Severe,1
17819.3,50.4,517.6,88.86,4,27.7,Severe,0
219324.1,21.0,8722.3,92.85,3,45.2,Severe,1
227631.2,38.3,5321.4,96.69,2,50.0,Normal,1
429026.5,43.2,8967.3,88.75,5,61.1,Extreme,0
404288.5,90.9,13653.0,65.8,1,119.7,Extreme,1
116899.1,81.4,4590.5,65.92,4,48.8,Normal,0
354621.8,44.4,8066.0,87.71,3,78.4,Extreme,1
143970.2,105.6,4808.8,62.54,2,91.8,Extreme,1
234636.1,66.5,7955.3,77.08,5,65.3,Normal,0
418620.3,22.6,10038.0,100.0,6,53.1,Normal,0
181569.8,23.1,3990.4,98.06,5,32.8,Normal,0
51800.4,53.1,1502.8,85.7,4,31.7,Extreme,0
60479.1,74.7,2027.5,77.09,4,43.7,Normal,0
282531.2,84.4,8573.8,65.02,4,87.0,Normal,1
171392.8,25.8,5320.6,98.6,5,20.3,Normal,0
48022.6,50.6,2042.4,85.02,1,38.6,Severe,1
432116.0,73.1,15000.0,69.07,6,75.8,Normal,1
243873.8,95.9,8345.6,71.14,3,91.0,Severe,1
193668.1,35.8,6038.3,92.29,1,43.0,Normal,0
321426.7,8.5,6880.8,100.0,4,35.2,Normal,0
203474.0,50.6,4769.0,73.93,3,52.2,Extreme,0
322196.2,99.5,9420.9,74.16,2,110.2,Normal,1
370745.8,18.6,12768.1,100.0,4,44.4,Normal,1
121529.8,28.4,3219.1,92.38,1,37.2,Normal,0
113296.7,96.9,3588.0,72.28,5,68.3,Normal,0
92774.3,79.9,2652.6,70.68,3,55.1,Normal,0
88487.2,33.1,3581.0,81.55,6,9.2,Normal,0
303574.6,115.8,9154.1,58.84,4,102.2,Normal,1
362163.1,57.5,11497.6,79.74,1,80.7,Normal,1
374361.9,77.8,12596.5,80.69,1,102.7,Normal,1
160422.7,23.4,3799.7,83.53,2,34.3,Normal,0
229173.4,10.0,8615.8,90.9,2,32.0,Normal,0
28079.7,57.2,1160.9,84.84,4,26.3,Normal,0
120194.8,32.6,4602.9,83.25,6,11.3,Extreme,0
72688.6,29.1,1766.3,96.76,2,37.7,Severe,0
436462.8,72.3,15000.0,73.85,2,97.2,Extreme,1
390290.0,94.0,13270.7,68.57,3,107.8,Normal,1
50712.9,64.3,1594.7,68.49,3,47.2,Normal,0
208306.5,17.4,7526.5,81.94,6,15.3,Extreme,0
319294.5,24.7,7382.6,89.92,3,54.5,Severe,0
176019.7,78.6,5938.2,71.86,2,68.6,Normal,0
344790.7,117.1,7244.4,66.28,6,89.3,Normal,1
262357.2,118.2,9075.9,64.97,2,98.2,Normal,1
216084.5,62.9,6231.4,87.17,4,56.7,Severe,0
390076.9,109.7,9266.2,59.18,5,102.0,Extreme,1
401215.8,119.0,9699.8,68.95,4,109.6,Normal,1
291674.7,37.3,6088.6,83.78,4,61.5,Severe,0
161992.0,40.1,3712.5,99.33,5,43.0,Extreme,0
107435.6,35.4,2718.9,79.22,3,33.7,Severe,0
53136.2,51.4,2184.7,85.01,6,18.3,Extreme,0
404678.3,84.3,13860.2,66.45,1,116.9,Normal,1
130769.6,47.3,3295.2,85.42,2,36.9,Normal,1
10151.0,67.4,631.8,81.74,4,38.3,Severe,1
15261.9,110.5,752.3,64.07,4,63.4,Extreme,1
329029.5,55.4,6920.2,89.26,3,68.3,Severe,1
192740.4,61.4,4261.0,74.67,4,60.0,Normal,0
205444.3,118.3,4685.7,49.35,4,98.8,Normal,1
135840.4,110.0,4014.0,64.0,1,81.0,Normal,1
355649.6,103.3,7662.4,63.31,6,83.1,Severe,1
290069.1,62.9,9067.4,78.78,1,73.3,Normal,1
145489.9,61.4,5897.0,79.29,3,53.1,Extreme,0
347376.2,48.7,13146.2,80.01,3,70.4,Extreme,1
341198.8,44.3,11745.7,82.38,1,73.0,Normal,1
427455.0,109.3,10843.7,57.55,6,102.2,Severe,1
166464.7,74.4,6105.6,73.88,6,60.5,Normal,0
36650.0,23.3,1577.0,95.18,3,10.0,Normal,0
298215.7,112.3,10298.3,69.73,3,105.1,Severe,1
20177.3,70.1,793.6,76.5,3,49.7,Extreme,1
94255.7,104.2,2609.7,55.91,2,78.4,Normal,1
133587.6,27.3,4059.7,89.76,4,34.8,Severe,1
255181.2,25.1,9710.0,99.11,2,58.9,Normal,0
262273.4,80.6,10595.5,76.05,6,62.8,Extreme,0
283002.6,118.4,5917.2,61.91,2,110.9,Normal,1
95575.1,55.3,3281.9,81.31,4,40.4,Normal,0
55470.8,70.3,2129.0,72.1,4,50.0,Normal,0
338207.2,22.4,9573.6,91.84,5,52.4,Extreme,1
291159.5,103.8,6957.0,63.91,3,86.9,Normal,1
198803.8,100.7,7205.7,67.78,6,77.1,Normal,1
323345.9,43.4,8229.4,90.78,4,50.6,Severe,0
336699.0,14.7,7760.4,90.92,2,62.9,Severe,0
44006.2,24.2,1351.7,98.38,2,17.1,Severe,1
248930.4,104.3,6301.8,57.86,5,79.3,Normal,1
142460.8,42.2,3366.6,87.6,2,42.2,Severe,0
294323.4,63.2,6719.0,71.86,6,58.4,Severe,0
234776.8,97.7,8310.8,66.85,3,80.5,Normal,1
85492.6,115.0,3382.7,61.72,4,83.6,Normal,1
156809.7,114.7,4966.8,59.21,4,90.0,Normal,1
35831.8,101.0,860.2,69.49,1,61.9,Extreme,1
132730.7,32.3,4704.1,91.41,1,34.0,Extreme,0
210217.2,37.1,6320.2,86.81,1,55.3,Severe,0
196693.2,56.7,5422.0,77.91,6,36.0,Severe,0
114048.8,32.3,4010.0,83.23,6,9.8,Normal,0
250182.4,34.3,9032.1,86.96,2,46.5,Normal,1
31803.4,41.3,933.7,90.51,5,10.1,Severe,1
413995.7,113.4,8589.7,71.26,4,109.4,Severe,0
75865.3,71.9,2779.6,75.2,5,48.7,Severe,0
56060.1,109.4,1554.9,59.47,2,72.4,Normal,1
122768.5,113.2,3095.5,57.9,3,88.2,Normal,1
272540.4,109.9,10665.8,67.64,5,99.8,Severe,1
48463.4,14.0,1666.1,99.41,2,25.9,Normal,1
302167.9,49.3,7983.8,72.29,3,64.7,Normal,1
279591.9,89.2,7317.3,63.3,3,89.5,Extreme,1
343617.6,86.1,10307.2,76.99,3,89.4,Normal,1
175198.9,104.4,4497.2,73.39,1,88.8,Severe,0
405642.1,91.8,13064.3,62.7,1,109.8,Extreme,1
133511.3,96.3,3638.6,63.4,3,81.0,Normal,1
382538.6,91.4,10604.3,75.4,4,95.1,Normal,0
226875.0,29.2,6624.9,87.91,4,45.5,Severe,0
344087.5,17.5,8492.6,91.7,2,52.5,Normal,1
89286.9,105.7,1940.0,60.04,6,68.3,Normal,0
163653.8,28.6,3716.1,93.28,2,33.8,Normal,0
225044.8,19.0,7275.7,91.7,4,43.5,Normal,0
445237.4,60.3,12078.7,80.78,4,89.3,Normal,1
319749.1,39.3,6849.1,93.31,3,59.8,Extreme,1
430671.4,94.4,9443.7,59.42,6,94.7,Severe,1
444961.8,11.6,15000.0,99.34,6,38.6,Normal,1
181236.0,80.1,5038.1,72.71,3,60.2,Severe,0
96652.1,9.4,3014.7,98.82,2,18.5,Normal,0
178116.0,109.0,4302.0,69.14,3,85.4,Extreme,1
127431.6,10.0,3211.5,93.16,5,21.6,Extreme,1
269060.4,76.1,9360.4,64.5,3,83.2,Severe,0
377471.1,76.3,8166.4,66.27,5,79.9,Severe,1
425660.5,46.0,12624.3,79.86,3,82.7,Extreme,1
124701.9,16.3,3875.4,98.03,4,12.9,Normal,0
375726.4,32.5,9409.1,81.3,6,47.6,Severe,1
56274.8,22.6,1643.9,97.22,6,7.6,Extreme,0
428890.9,42.0,8886.9,80.46,4,82.3,Extreme,1
429098.1,36.2,9982.5,89.64,3,76.9,Severe,1
265324.3,57.1,10680.3,76.89,1,68.2,Severe,0
222090.5,8.4,6538.4,97.41,4,20.2,Extreme,1
442347.0,45.2,15000.0,89.27,2,77.7,Extreme,1
246979.7,28.6,7330.2,78.63,1,46.0,Extreme,1
347282.2,23.4,9852.3,87.61,5,48.2,Severe,0
108143.3,40.7,2934.0,89.55,5,28.3,Normal,0
309011.7,49.9,9552.1,80.23,5,65.8,Extreme,1
90239.0,82.5,2096.1,69.11,3,53.9,Severe,1
78471.9,106.6,2077.7,61.67,5,66.0,Normal,0
92177.2,87.7,2825.9,66.18,6,45.0,Severe,0
367839.0,30.0,7582.4,85.9,6,45.2,Severe,0
236558.4,67.8,4961.9,77.58,3,62.1,Normal,0
221308.2,42.1,6663.0,94.46,2,58.8,Severe,1
98071.0,33.7,2461.8,93.62,6,8.7,Normal,0
427754.7,62.8,9105.4,76.06,5,75.6,Normal,1
389430.3,20.1,14460.0,96.61,6,52.7,Extreme,1
38018.9,44.3,1221.3,85.42,2,37.7,Severe,0
84742.7,7.2,2664.2,94.41,1,15.6,Severe,1
410939.3,22.0,9257.1,83.69,6,48.0,Severe,1
222485.7,94.8,7292.0,65.29,4,73.7,Normal,1
309038.4,9.1,8633.3,100.0,5,35.1,Extreme,0
16982.0,36.4,861.8,88.14,2,28.0,Extreme,1
269582.8,11.6,8936.2,94.94,1,52.1,Extreme,1
87741.8,84.3,2940.9,69.9,2,67.7,Normal,1
370367.3,58.6,7853.5,74.43,5,75.5,Severe,0
440007.5,69.8,14800.1,77.0,4,83.1,Severe,1
197367.4,52.0,6581.4,79.05,6,44.5,Normal,0
441155.7,98.1,15000.0,70.07,2,120.0,Severe,1
95470.4,24.4,3730.3,82.89,4,25.5,Extreme,0
378502.2,113.8,11986.2,57.7,1,120.0,Severe,1
232046.3,76.4,7074.7,70.16,6,65.2,Severe,0
285817.8,33.3,10301.6,89.61,1,61.0,Extreme,1
368755.6,65.9,9058.7,73.0,2,85.3,Normal,1
393104.5,51.8,8103.8,82.61,4,69.2,Extreme,0
403741.2,52.8,10279.0,88.15,6,70.9,Extreme,1
339134.8,29.7,13557.9,92.54,2,63.1,Normal,0
343154.6,44.9,10626.0,94.68,4,60.5,Normal,0
448391.9,114.0,11002.3,50.98,2,120.0,Normal,1
156619.4,75.1,5516.1,67.17,1,76.5,Severe,1
375871.4,116.6,13002.8,45.84,3,117.5,Severe,1
206467.2,69.2,5698.6,72.12,4,66.6,Severe,0
252280.0,80.7,7447.5,74.73,2,87.1,Extreme,0
204090.9,97.1,5937.9,66.18,3,80.3,Severe,1
435551.5,35.9,11355.2,90.98,4,77.9,Normal,0
113206.3,15.2,2681.7,94.34,1,34.8,Normal,0
168846.1,102.1,5026.1,67.02,5,72.7,Normal,0
195949.1,39.3,5816.4,82.52,1,45.1,Severe,1
24982.3,83.3,998.5,66.34,6,47.7,Extreme,1
134113.3,8.5,3938.2,88.92,2,24.9,Extreme,0
105290.4,109.8,3319.7,58.99,1,85.9,Severe,1
229897.6,94.8,6853.1,63.13,6,66.7,Normal,1
132289.4,14.5,4594.3,95.36,1,37.6,Extreme,0
438310.9,58.5,15000.0,71.84,3,93.1,Normal,1
177345.1,55.6,7019.3,79.3,5,48.2,Severe,1
69762.9,36.9,2298.1,84.17,6,16.2,Normal,0
386032.6,99.0,11546.2,66.71,5,106.8,Normal,1
345999.8,72.1,7613.9,80.0,4,74.3,Severe,0
87370.1,74.5,2592.2,74.42,2,59.2,Severe,0
332967.3,34.7,7125.5,92.44,2,71.3,Extreme,1
128685.1,109.2,4556.2,54.36,5,67.4,Severe,0
400279.7,90.3,9475.8,62.11,1,118.1,Normal,1
293571.3,47.0,11701.4,83.85,6,50.6,Severe,1
384232.1,67.3,13069.2,73.4,5,77.5,Normal,1
272642.6,58.1,5757.6,78.36,4,63.4,Extreme,0
30832.8,113.6,923.7,65.2,6,50.6,Normal,0
321130.3,117.5,7120.0,67.62,2,120.0,Severe,1
326204.8,9.1,7919.4,97.16,6,31.2,Severe,1
70822.6,89.5,2520.6,62.94,3,69.5,Normal,0
172680.0,30.5,4317.8,81.17,1,37.3,Normal,1
53489.6,81.3,1916.2,72.45,1,52.0,Extreme,0
424138.7,23.7,10952.3,86.27,6,59.1,Severe,0
203068.2,113.1,4675.0,54.66,4,78.7,Extreme,1
367362.5,101.7,8729.8,68.57,6,90.3,Normal,1
191535.2,25.6,5405.3,85.37,5,32.7,Severe,0
375197.3,32.0,8330.3,84.49,5,52.4,Normal,0
72237.2,99.4,1793.1,61.84,6,44.9,Normal,0
195129.0,54.1,6080.7,74.75,6,33.6,Severe,0
39394.7,13.4,1279.4,100.0,4,3.5,Severe,0
187892.7,11.6,4619.5,90.56,4,32.5,Extreme,0
300692.6,34.0,10312.9,90.39,6,49.0,Extreme,0
158500.3,24.5,5591.5,88.37,2,30.3,Normal,0
372885.2,32.5,13307.2,95.93,2,71.4,Normal,1
434726.1,57.4,14889.7,78.47,5,69.6,Normal,1
49633.6,119.5,2354.6,62.71,3,69.0,Normal,0
288385.5,34.1,7023.8,93.85,3,57.8,Normal,0
365364.0,25.2,10873.5,92.44,6,49.9,Normal,0
295837.0,41.3,8938.1,84.78,3,61.5,Normal,0
407577.9,75.5,10052.0,61.9,6,76.4,Severe,1
297233.0,56.0,11613.5,85.29,1,84.9,Severe,1
128286.5,70.4,4082.8,77.66,4,42.9,Normal,0
105234.7,109.8,2784.8,57.78,6,67.4,Normal,0
177435.0,110.8,6437.9,58.61,6,70.5,Normal,0
49672.0,25.8,2470.4,90.92,2,29.9,Normal,0
167348.3,20.6,5033.3,98.01,2,41.3,Normal,0
377186.5,60.0,10584.4,76.45,2,75.2,Normal,1
404456.0,31.6,11612.9,88.18,3,71.1,Normal,0
341778.8,85.4,7296.1,72.51,1,101.3,Extreme,1
353177.4,95.2,9218.2,65.04,6,94.0,Normal,1
379436.1,52.2,8899.6,79.53,5,74.5,Normal,1
243674.6,9.5,6010.4,98.24,2,33.3,Severe,0
149052.5,111.4,5907.1,67.17,3,92.3,Normal,1
376042.0,36.9,11261.9,91.95,6,54.0,Normal,0
292182.3,31.3,9937.2,94.94,5,46.6,Extreme,1
423241.1,112.4,15000.0,57.3,3,120.0,Normal,1
51543.7,90.9,2327.9,68.43,5,41.4,Normal,1
273503.1,88.1,8298.8,58.14,4,84.5,Normal,0
57361.8,34.3,2413.2,89.91,4,28.2,Extreme,0
294715.8,91.8,8855.8,69.46,6,87.0,Normal,0
202389.5,48.1,5568.0,82.22,5,50.0,Normal,0
112425.7,113.7,2865.8,54.66,2,93.1,Severe,0
68289.4,67.5,2923.1,90.11,4,43.6,Severe,0
96947.7,32.1,2314.2,86.0,6,20.2,Extreme,1
277979.8,72.5,10628.2,66.47,2,79.9,Severe,1
280509.0,97.0,8188.4,72.28,2,90.9,Extreme,1
299632.5,22.3,10215.9,90.87,6,43.2,Normal,1
356546.1,61.0,14151.5,77.69,5,76.7,Normal,0
70361.3,60.5,2570.2,79.43,4,36.1,Severe,0
276757.1,39.1,11210.8,84.83,4,52.5,Normal,0
226949.4,89.0,6990.0,75.14,3,76.2,Normal,0
298003.2,41.2,6627.9,89.1,4,62.8,Normal,0
318444.3,45.7,11099.0,88.36,4,55.2,Normal,0
278191.5,13.6,7533.1,86.97,1,39.9,Normal,0
418842.2,19.4,8797.9,95.83,3,66.0,Extreme,0
447631.5,89.1,15000.0,68.03,3,110.2,Normal,1
38139.1,63.1,1301.9,86.58,1,54.0,Extreme,0
57676.2,59.2,1412.6,78.9,3,43.4,Normal,0
24224.3,57.8,780.4,80.91,4,22.8,Normal,0
176264.0,56.9,6170.7,72.79,5,51.0,Normal,0
148616.9,99.9,5620.2,65.93,5,63.1,Normal,1
252586.0,83.9,6205.4,70.95,3,87.9,Normal,1
185651.5,21.0,5131.1,95.45,5,24.2,Extreme,1
45922.3,70.3,1486.3,77.45,5,34.5,Normal,0
299828.8,47.4,8306.3,80.68,4,62.2,Normal,1
333100.7,64.6,13117.5,79.2,2,86.6,Normal,1
389689.4,83.8,9899.8,67.65,5,88.3,Extreme,1
104592.2,26.9,3181.3,92.79,5,9.6,Normal,1
379854.9,89.7,8074.3,72.83,2,98.5,Extreme,1
37764.6,93.7,1150.9,71.44,3,52.2,Extreme,1
338106.4,10.1,7713.0,99.74,1,54.3,Normal,1
129020.1,99.2,3417.7,70.29,2,71.8,Normal,1
227567.5,30.0,6772.5,95.39,3,35.4,Severe,0
105992.6,35.6,2441.7,89.41,3,34.4,Severe,0
263435.0,86.0,7285.0,68.62,1,93.7,Normal,1
388938.6,48.1,8955.6,76.85,2,77.2,Normal,1
328834.7,28.6,12086.8,87.36,1,69.6,Severe,1
235510.1,92.8,6920.3,73.58,1,81.7,Severe,0
117026.3,9.6,4501.3,94.05,6,4.7,Normal,0
119354.2,52.0,2916.8,85.28,6,24.8,Severe,0
443207.7,80.1,10362.8,69.27,3,107.2,Normal,1
348911.0,82.9,9153.7,71.41,3,94.1,Severe,1
423413.7,20.8,15000.0,93.12,5,58.6,Severe,1
102609.1,37.6,3064.4,81.51,3,34.5,Normal,0
158079.1,59.6,4245.3,77.99,2,49.2,Normal,0
148536.7,22.5,4962.0,95.86,4,21.3,Normal,0
318123.3,73.4,12708.1,65.23,1,98.5,Severe,1
166416.9,81.8,6815.3,65.88,6,54.0,Normal,0
441912.9,117.6,13614.5,53.45,6,120.0,Extreme,1
316310.1,116.2,8048.8,53.84,3,106.3,Extreme,1
226825.9,115.8,7434.9,52.3,2,96.3,Extreme,1
98821.6,45.8,3057.1,88.46,4,37.1,Normal,0
268477.2,91.2,8652.6,61.58,3,94.9,Extreme,1
98716.7,21.5,2499.7,98.67,4,23.6,Severe,0
429027.7,16.6,10983.0,99.07,1,75.6,Normal,1
41526.4,57.3,1107.5,80.26,4,26.3,Normal,0
298917.0,67.8,10751.0,71.26,6,61.0,Normal,1
108897.2,21.7,2896.6,93.38,2,18.9,Normal,0
103065.0,103.8,3151.3,68.57,1,89.2,Extreme,1
198342.2,119.6,5054.5,61.61,1,105.4,Severe,1
160286.2,61.5,4089.7,81.96,2,66.6,Normal,0
148230.2,96.4,6260.1,68.97,3,79.9,Extreme,1
247063.6,69.0,7141.6,76.27,1,87.9,Extreme,1
320393.5,57.9,10047.3,78.8,1,74.2,Severe,1
440898.7,95.1,15000.0,61.9,6,101.9,Normal,1
235415.3,97.4,9148.6,60.94,2,85.9,Severe,1
416107.7,53.0,15000.0,83.91,3,72.7,Extreme,1
383575.0,62.3,10821.0,78.65,2,83.4,Normal,0
213066.5,87.6,5188.2,71.36,4,82.3,Extreme,1
402267.5,77.0,13463.4,78.88,6,76.8,Normal,0
175977.6,76.0,6954.7,70.74,5,63.4,Severe,0
421183.6,11.2,13887.1,90.9,4,47.8,Normal,1
148769.2,110.4,3735.1,66.99,3,87.3,Severe,0
333664.7,49.6,8097.3,87.72,2,63.9,Extreme,0
78367.3,68.0,2523.1,77.62,2,53.9,Normal,1
434071.4,108.1,14267.9,67.52,4,112.3,Normal,1
415177.2,47.4,11423.0,86.83,3,80.3,Normal,1
249260.8,15.1,7124.2,99.64,3,37.0,Normal,0
317472.8,13.3,8212.4,86.12,2,41.9,Normal,0
112385.6,59.6,3059.6,84.5,5,48.8,Normal,0
356622.4,63.4,10036.7,67.38,3,89.8,Normal,1
58784.2,82.6,1473.7,68.62,5,43.1,Normal,1
53485.3,115.3,2276.2,49.45,6,58.7,Severe,1
362942.2,64.9,8019.2,85.96,1,95.4,Severe,1
214311.7,14.2,6680.9,90.38,6,20.5,Severe,0
97991.4,63.9,2995.5,75.63,3,56.2,Normal,0
39007.9,42.3,1511.8,86.26,2,35.8,Normal,0
11444.9,90.3,760.8,65.71,5,49.4,Normal,1
308416.1,11.7,11998.5,93.27,1,49.2,Normal,0
44064.7,19.3,1285.8,89.69,4,21.0,Normal,0
63602.1,111.2,2618.2,51.64,4,63.6,Severe,1
445889.2,93.0,9356.3,58.97,6,106.4,Normal,1
280640.5,60.3,5986.6,74.44,5,57.7,Normal,0
168356.0,29.9,6737.2,94.53,4,37.2,Normal,0
276354.9,100.3,5990.7,64.45,1,100.8,Normal,1
149605.0,105.9,4440.2,70.75,1,90.2,Normal,1
129708.8,47.8,3305.8,82.95,2,44.3,Severe,0
177516.9,94.1,3828.4,66.83,5,72.2,Severe,0
90240.8,74.8,2473.9,73.89,2,55.8,Severe,0
122744.3,72.7,4190.9,64.12,4,57.4,Severe,1
256291.7,118.1,9118.2,60.96,5,102.2,Extreme,1
314078.4,104.4,11731.8,61.05,5,87.1,Normal,1
377104.0,40.6,11118.7,85.8,2,74.1,Normal,0
361487.9,35.6,10821.3,82.48,4,70.5,Normal,0
260656.9,36.3,5871.4,85.89,2,48.1,Extreme,0
159387.9,114.9,5036.1,56.97,4,74.2,Extreme,1
189634.9,12.7,7665.4,99.79,6,17.1,Normal,1
41166.0,96.1,1577.6,70.17,5,50.5,Severe,0
154136.9,60.1,6236.9,78.47,2,55.5,Severe,0
144780.8,36.1,4516.0,73.62,6,21.5,Normal,0
73364.1,58.0,1962.2,74.26,1,42.2,Extreme,0
395660.8,74.0,8646.0,72.45,4,92.1,Normal,0
328530.5,42.4,7485.2,87.19,3,65.8,Extreme,0
427631.8,13.8,15000.0,96.33,1,62.4,Normal,1
119670.3,85.7,2802.9,66.94,2,74.8,Severe,1
136768.8,60.5,3055.4,77.62,2,51.9,Normal,0
121300.1,112.1,4065.4,60.66,5,79.0,Normal,1
361989.1,114.6,9426.8,57.73,6,93.8,Severe,1
119209.0,33.7,3381.7,86.08,4,38.7,Normal,0
187078.2,20.8,4344.3,92.35,1,43.6,Severe,0
120982.2,76.9,4151.1,75.2,6,47.5,Normal,0
214824.9,22.1,7221.9,90.59,2,48.5,Severe,0
164429.4,44.2,4206.1,79.44,3,42.3,Extreme,0
67384.7,42.8,2337.4,82.97,6,23.5,Extreme,0
356902.2,116.8,9178.6,52.38,3,110.4,Severe,1
169176.1,48.9,7033.2,87.86,4,36.9,Extreme,0
114272.9,37.9,3076.7,81.84,3,44.9,Normal,0
90303.5,83.8,1935.6,72.43,2,73.0,Normal,0
24912.1,13.7,1451.9,89.67,4,5.9,Severe,0
54069.4,10.7,1410.5,98.15,5,1.2,Severe,1
354257.2,11.3,8422.7,98.15,3,49.6,Normal,0
64044.7,78.7,2068.5,65.39,1,55.0,Normal,1
295647.5,89.6,8222.1,61.59,3,88.4,Normal,1
186543.5,117.7,4661.3,50.05,5,83.6,Severe,1
378950.1,23.6,14361.4,98.74,4,46.9,Normal,0
358430.9,110.1,7553.5,60.06,6,106.0,Severe,1
185105.5,76.7,4942.5,75.0,5,52.3,Severe,0
431408.7,30.8,9697.3,81.6,6,58.9,Normal,1
137319.7,83.1,5453.3,69.22,5,53.1,Normal,0
346717.6,38.7,9571.1,80.52,4,62.9,Normal,0
16683.7,62.3,500.6,83.36,4,33.5,Severe,0
92326.5,80.9,2489.1,76.41,1,63.7,Extreme,1
147041.8,106.8,5748.0,57.44,6,72.7,Extreme,1
145864.5,62.2,4719.3,77.38,2,59.3,Normal,0
43604.9,47.6,1420.1,80.44,4,20.0,Severe,0
25204.0,27.4,925.7,91.38,2,26.2,Normal,0
103089.2,26.9,4305.3,90.5,6,17.9,Extreme,1
400218.7,62.3,14424.0,73.9,6,82.5,Severe,1
198061.8,43.5,5309.6,84.32,1,53.0,Extreme,1
382609.6,17.7,11274.4,95.88,3,53.1,Normal,1
438990.0,53.4,11798.9,83.32,4,72.2,Extreme,1
199189.0,101.6,5269.3,65.67,3,90.4,Normal,1
60147.7,23.8,1771.6,90.63,3,13.8,Normal,0
13437.7,60.5,402.9,77.67,5,37.5,Normal,0
131949.6,102.2,3129.0,61.34,3,68.2,Extreme,0
169148.8,109.1,3865.9,60.25,1,84.9,Normal,1
374894.9,110.5,11430.7,67.7,3,103.9,Normal,1
384041.9,53.4,12198.5,78.73,4,81.0,Severe,0
212794.0,35.6,7436.7,82.64,1,54.5,Normal,0
263182.2,96.1,6128.9,63.76,5,73.8,Normal,0
29865.4,110.5,789.5,58.41,6,58.4,Severe,0
25348.8,83.1,982.4,71.82,2,45.4,Severe,1
124487.6,60.9,3502.6,85.27,6,35.6,Normal,0
318057.2,46.3,10022.3,79.52,3,56.1,Normal,1
369632.4,106.7,7649.8,57.75,1,110.2,Normal,1
134112.5,32.1,5229.8,90.89,5,30.6,Normal,0
292559.5,107.8,6697.0,57.57,2,109.4,Normal,1
202819.5,12.5,6543.4,97.17,5,32.7,Normal,0
292712.3,51.5,10858.5,70.77,3,60.1,Normal,0
250172.7,103.5,6904.3,52.42,5,77.9,Extreme,1
245393.8,46.5,8857.2,87.56,1,68.2,Normal,1
11598.2,85.5,544.9,73.66,2,64.4,Normal,0
211441.2,93.1,4963.6,70.84,2,80.5,Severe,1
311077.1,21.0,11552.2,88.14,5,41.7,Severe,1
245442.4,36.0,7134.3,84.98,5,49.0,Normal,0
22699.9,68.6,1066.3,80.93,3,37.5,Normal,0
435357.7,42.3,10754.9,87.35,1,86.8,Normal,0
155301.7,58.7,3571.2,73.12,2,52.9,Normal,0
434817.8,49.4,13670.6,84.24,2,81.0,Severe,1
158635.3,16.3,5646.1,87.46,2,24.3,Severe,1
30612.0,103.4,1236.2,66.64,3,57.9,Severe,1
160307.7,88.2,4008.4,61.95,2,69.0,Normal,0
227280.5,66.9,8057.4,62.81,6,45.4,Normal,0
425514.9,54.9,10865.1,72.91,6,75.7,Normal,0
226045.2,23.0,6939.1,100.0,4,38.1,Normal,0
332255.0,39.0,10029.7,97.52,3,57.4,Normal,1
128542.9,55.5,2917.0,80.91,2,45.9,Normal,1
448213.3,15.5,11839.0,94.19,1,73.6,Normal,0
365547.0,51.9,8650.9,76.62,2,69.3,Extreme,1
90196.7,101.0,3441.3,70.19,2,70.0,Severe,1
318715.9,38.3,7962.8,87.09,5,52.9,Normal,0
228913.2,82.2,5258.6,68.26,4,78.2,Severe,1
241603.3,16.7,6661.8,88.16,6,34.9,Severe,0
371559.8,75.3,12374.3,74.39,3,93.6,Extreme,1
211840.8,68.0,5709.8,76.36,3,72.9,Extreme,0
262140.1,41.2,6847.9,82.31,2,60.9,Severe,0
429161.6,27.3,10072.9,87.04,5,53.1,Extreme,0
114911.8,74.7,4455.0,69.64,5,43.8,Extreme,0
128413.3,18.1,3518.5,90.84,3,19.0,Normal,0
448829.9,68.6,9892.7,79.57,4,94.8,Normal,0
377544.9,63.5,8795.4,72.13,3,75.3,Severe,0
265333.4,9.4,5979.1,92.99,6,30.3,Severe,0
84306.9,111.9,3164.6,73.63,2,80.2,Normal,0
281355.3,76.0,6408.2,78.19,5,68.0,Severe,0
412971.8,61.4,14974.2,81.49,5,83.1,Normal,0
150307.8,19.9,3444.8,89.47,6,16.9,Severe,1
275944.7,112.3,5917.0,54.22,1,114.0,Normal,0
166378.1,92.4,4455.1,66.0,5,75.8,Normal,1
328734.3,102.6,12303.3,68.16,5,86.0,Extreme,1
431131.8,58.8,15000.0,78.85,6,83.3,Severe,0
206197.9,119.7,6311.6,61.61,6,92.6,Severe,1
386332.9,64.0,14759.2,76.23,2,82.2,Severe,1
66945.3,84.3,1861.3,58.7,1,59.9,Normal,1
269527.6,9.0,8940.1,100.0,5,27.9,Extreme,0
432168.2,11.4,11041.0,98.19,6,53.4,Extreme,1
129987.9,87.9,3312.4,69.76,1,68.6,Extreme,1
255485.6,64.5,5358.8,79.89,4,66.6,Normal,0
417927.1,105.8,9219.7,60.71,1,120.0,Severe,1
25684.6,114.2,1006.8,59.18,6,47.8,Extreme,1
174679.1,59.8,5232.4,80.57,2,57.7,Normal,0
248239.7,48.5,6281.8,75.08,5,47.2,Normal,0
57328.1,32.2,1611.7,95.3,2,37.8,Extreme,0
285532.4,67.6,10427.4,75.11,3,67.0,Severe,1
373387.3,118.5,12772.3,60.17,1,120.0,Extreme,1
339662.9,31.7,10929.9,96.39,5,44.6,Normal,1
171233.2,40.3,4924.8,74.18,5,25.9,Normal,0
94560.4,79.9,3558.8,69.51,4,54.3,Normal,0
19268.6,94.6,881.5,61.96,6,39.4,Severe,0
119870.0,98.1,4130.0,73.24,1,89.0,Normal,1
22952.7,118.3,1126.4,63.39,4,68.0,Normal,1
184317.8,46.5,5398.2,79.7,6,44.7,Normal,0
433004.4,60.9,13232.7,78.23,4,88.9,Severe,1
396060.8,26.1,9064.9,92.19,1,68.4,Normal,0
241164.1,58.3,8719.8,84.18,5,52.9,Severe,1
407233.2,75.1,10968.1,73.02,2,103.2,Extreme,1
378519.6,41.9,8191.0,89.76,6,61.9,Normal,0
286241.5,74.5,9256.6,75.55,6,69.8,Normal,0
49448.2,107.8,1863.0,58.71,4,57.6,Severe,1
289831.9,47.2,10654.9,89.55,4,55.8,Normal,1
32883.2,7.7,1299.6,100.0,4,0.0,Severe,0
348736.1,86.5,11905.0,71.9,3,102.0,Severe,1
27661.7,109.2,1295.5,50.14,3,67.5,Normal,1
430891.1,102.1,12369.3,58.87,5,107.3,Normal,1
399862.7,111.3,8714.3,53.51,5,98.0,Extreme,1
108557.4,34.1,3926.3,83.63,2,35.5,Normal,0
162654.3,49.3,6076.7,88.46,1,64.3,Severe,0
201622.9,7.3,5720.0,94.54,1,40.1,Normal,0
171236.0,63.1,4025.4,76.82,6,38.8,Normal,0
343263.2,14.0,7757.8,93.38,5,49.1,Extreme,1
438796.6,78.7,13395.7,71.07,2,98.2,Normal,1
254970.3,31.5,7137.0,85.02,3,52.3,Extreme,1
400301.6,112.5,11496.7,55.76,4,104.8,Severe,1
156541.0,24.6,6144.2,85.89,3,23.2,Severe,0
375154.4,60.9,8831.2,68.79,6,75.1,Normal,0
428123.0,24.6,9314.0,95.77,4,53.9,Normal,1
326112.9,72.1,11940.3,72.95,3,88.6,Normal,0
441618.5,87.5,10294.8,81.17,6,92.9,Normal,0
190431.8,100.6,6606.3,65.13,4,68.5,Normal,1
302878.2,40.0,7911.6,92.47,2,58.4,Normal,0
37143.7,37.8,1297.6,92.71,1,37.3,Severe,0
256703.4,106.6,5794.0,59.88,1,101.4,Normal,1
28814.3,85.5,948.7,71.91,5,38.9,Normal,1
262530.2,16.2,10728.8,96.56,1,44.0,Normal,0
334161.2,103.3,6965.9,66.13,3,104.7,Extreme,1
21529.6,34.3,910.2,81.69,1,25.6,Normal,0
146897.8,113.4,4110.1,53.65,2,80.4,Normal,1
45297.0,48.4,1630.2,85.33,4,37.4,Extreme,0
360567.0,23.5,9728.3,82.26,4,47.9,Severe,0
197006.2,99.8,5841.9,63.88,1,93.9,Severe,1
117835.9,21.5,3037.1,98.61,4,26.7,Normal,0
353746.1,13.1,8779.3,100.0,6,43.9,Normal,1
91757.8,51.2,2336.3,79.98,3,32.8,Normal,0
225642.7,28.1,6967.0,93.27,5,25.1,Severe,0
388516.2,108.1,13569.5,69.88,1,112.9,Severe,1
136238.6,61.2,3701.0,69.74,2,48.1,Extreme,0
440056.7,24.8,10393.8,91.94,2,77.0,Normal,1
392376.1,62.1,10289.8,80.88,5,71.5,Severe,1
229163.8,45.0,5363.8,83.22,5,39.2,Normal,0
63568.0,91.0,1682.8,73.98,5,56.4,Normal,0
183028.6,50.6,4746.2,91.1,4,57.0,Normal,0
353127.9,39.8,9020.6,79.42,5,51.0,Normal,0
431555.6,107.1,11710.5,57.3,1,120.0,Normal,1
330467.7,99.1,9175.5,71.49,3,95.3,Severe,1
212893.6,21.1,7571.2,100.0,1,48.6,Severe,1
91232.5,46.5,3000.7,80.84,2,50.3,Normal,0
48193.2,66.0,1257.1,75.04,5,43.0,Normal,0
103376.3,35.4,3601.2,95.14,1,44.9,Normal,1
28551.8,20.6,1323.1,96.52,4,17.3,Severe,0
144909.0,20.5,3358.4,92.88,5,18.0,Normal,0
153298.7,74.1,3472.5,79.95,4,67.4,Normal,0
311409.1,96.9,7047.0,67.19,4,82.2,Normal,1
162513.4,93.6,3926.6,64.8,6,67.0,Extreme,1
71779.4,84.5,2701.5,71.62,1,64.9,Severe,1
360312.5,83.7,9460.3,75.69,6,71.6,Extreme,1
240277.9,111.2,8465.3,58.61,3,85.3,Normal,1
55684.0,48.0,1284.7,83.54,5,29.5,Normal,0
202622.4,93.0,4851.5,74.51,4,76.2,Severe,0
387121.1,109.3,14590.4,67.3,1,118.7,Extreme,1
238285.2,54.8,8521.9,75.18,3,66.6,Severe,0
225589.7,6.1,8890.5,93.64,5,20.3,Severe,0
57780.6,48.3,1535.7,81.22,1,44.8,Extreme,1
298879.4,34.9,8009.0,79.75,2,65.8,Extreme,1
332075.3,113.1,7753.0,54.95,3,99.4,Severe,1
417762.6,7.9,9993.1,100.0,2,61.4,Extreme,1
149849.0,93.8,3671.7,66.13,1,83.7,Normal,1
62939.6,72.5,1725.5,68.46,2,53.3,Extreme,1
436474.2,82.6,9168.7,77.85,6,94.9,Normal,1
410433.6,9.0,12777.9,95.5,4,50.9,Normal,1
169411.7,73.5,6326.6,71.91,5,63.5,Severe,1
207469.0,29.7,7355.7,100.0,2,37.0,Normal,0
196751.3,107.9,6280.9,68.97,6,79.6,Severe,1
12700.7,47.3,726.2,80.66,4,21.5,Severe,0
49739.8,57.1,1748.6,82.22,5,26.7,Normal,0
76443.0,15.9,2493.1,87.71,6,13.7,Normal,0
13909.4,68.0,664.1,77.08,4,44.5,Normal,0
200572.0,47.9,8236.1,79.1,1,57.5,Normal,0
241549.3,118.7,5917.7,68.04,3,107.5,Severe,1
54059.5,85.1,1404.5,68.84,5,56.0,Extreme,1
48723.2,67.9,1472.3,89.59,4,35.1,Normal,0
152762.3,115.3,6383.5,63.38,1,93.7,Extreme,1
98680.5,47.9,4066.3,89.86,3,41.4,Severe,0
309749.3,73.4,12613.1,69.19,3,79.8,Normal,1
214623.3,37.6,7528.3,79.65,6,38.5,Severe,0
336595.4,104.3,13525.5,56.58,6,88.5,Extreme,1
427449.9,22.5,15000.0,92.65,2,64.1,Severe,1
155429.7,49.2,4129.4,82.83,5,31.0,Normal,0
162101.6,42.4,4762.5,85.36,2,48.5,Normal,0
315956.4,66.4,7935.8,73.75,3,68.5,Normal,0
143699.5,64.1,3022.6,81.8,3,63.2,Normal,1
343164.0,102.1,8548.3,70.55,4,105.1,Extreme,1
364054.9,89.9,13062.5,66.58,3,97.5,Normal,0
305321.0,49.1,7281.5,81.76,4,51.9,Extreme,0
169201.9,50.7,6010.2,80.29,6,38.4,Severe,0
25456.6,98.6,1041.2,60.56,6,39.7,Severe,1
136288.4,71.4,3756.9,80.84,5,42.6,Extreme,0
40035.8,87.3,1713.9,65.84,6,48.3,Normal,1
349558.9,76.2,8543.7,69.57,5,72.2,Severe,1
218405.2,62.7,8335.0,77.17,6,51.9,Extreme,0
194663.4,118.4,4610.7,57.98,3,85.5,Normal,1
61129.4,70.7,2228.7,76.75,5,34.9,Normal,0
184090.9,118.8,7186.4,62.25,1,109.5,Extreme,1
326373.9,6.2,10718.3,100.0,1,60.3,Normal,1
339651.9,39.2,8180.5,83.64,1,69.3,Normal,0
85475.3,71.9,2307.8,70.41,2,50.0,Normal,0
55827.2,49.4,1278.9,78.7,2,40.3,Severe,0
52897.5,10.6,1969.9,97.95,2,19.1,Normal,0
161020.4,104.0,5796.9,59.41,5,80.2,Normal,1
203098.4,53.8,5349.1,88.54,5,43.6,Severe,0
219623.1,37.7,6871.6,82.97,3,38.8,Normal,0
446105.5,95.9,12807.7,66.58,4,116.3,Normal,1
249560.0,78.4,7881.6,75.59,4,75.2,Normal,0
95060.2,81.8,3466.0,78.35,5,45.2,Normal,0
254454.3,65.2,6270.4,72.95,5,60.3,Normal,0
44211.3,15.3,1002.2,100.0,5,8.3,Normal,0
268587.2,110.4,6535.5,59.92,2,101.1,Normal,1
130282.6,73.3,2912.7,81.48,6,54.3,Extreme,1
68454.5,111.4,2617.7,60.13,5,57.0,Normal,1
48633.9,105.6,1578.3,56.16,2,71.0,Normal,1
320974.7,71.6,11878.7,68.67,4,79.4,Severe,1
178290.4,65.5,4157.7,82.67,5,50.2,Normal,0
296832.7,23.1,10319.4,94.81,4,36.0,Severe,0
383241.1,27.7,10618.6,86.61,6,52.0,Severe,0
265757.1,119.4,6273.4,58.91,4,97.5,Normal,1
324643.8,35.9,9570.5,88.19,3,68.2,Normal,1
248607.0,78.6,7142.9,80.14,4,75.7,Normal,1
90647.4,99.7,3379.3,51.85,2,66.3,Severe,1
436481.0,114.6,9354.9,54.98,4,120.0,Normal,1
165008.2,23.9,4070.4,92.23,4,34.4,Severe,0
433653.8,119.6,9535.4,61.97,2,120.0,Normal,1
370179.1,69.7,10160.8,82.51,4,83.2,Extreme,1
253892.8,56.2,7743.1,84.37,4,61.0,Normal,0
299738.6,67.0,11902.1,78.9,5,76.9,Normal,1
363165.0,76.9,8188.9,71.5,2,101.0,Normal,1
279601.8,105.6,7335.9,60.47,5,91.2,Severe,1
139513.9,15.4,5852.9,93.03,4,21.8,Severe,1
297130.6,57.2,9127.0,84.41,4,72.7,Extreme,1
414661.6,15.7,8935.6,95.58,5,52.2,Severe,0
23957.8,49.5,1151.9,85.16,5,24.0,Extreme,1
130009.3,98.3,3268.3,62.66,3,75.0,Extreme,1
91556.1,25.2,2244.2,89.57,3,17.9,Normal,0
276881.2,82.4,10765.6,64.55,4,77.4,Severe,1
257563.6,72.9,5480.9,75.25,1,79.0,Normal,0
92905.3,28.8,2929.3,83.14,4,23.4,Extreme,0
356356.6,22.8,7532.8,95.99,5,45.4,Normal,0
73520.7,97.5,2108.4,60.48,4,68.8,Severe,0
156395.3,58.2,3648.4,79.74,2,62.7,Extreme,1
192911.6,45.9,7345.7,74.3,2,55.2,Severe,0
268843.6,106.0,5555.1,71.29,6,84.6,Extreme,1
191507.9,116.7,4255.2,55.84,1,96.4,Extreme,1
142957.3,6.6,4451.9,89.49,5,7.3,Normal,0
399400.6,77.1,11462.8,80.17,5,83.4,Severe,1
256319.0,78.9,5306.7,73.39,4,75.1,Severe,0
357450.0,13.4,14463.7,90.37,4,49.6,Severe,0
172199.9,21.8,4200.5,88.09,2,35.9,Normal,1
73250.0,13.2,1866.3,98.26,6,0.0,Severe,0
116867.7,12.4,4129.8,95.59,2,23.8,Normal,1
319285.4,51.0,10050.5,89.34,2,75.1,Severe,1
415854.3,94.3,10490.9,64.91,4,104.1,Severe,1
29474.4,20.7,1429.6,90.91,2,14.1,Normal,0
326951.7,69.9,8148.2,69.52,6,71.2,Severe,1
253227.2,77.2,6164.5,64.12,3,80.4,Normal,1
392814.3,42.4,9180.2,89.64,5,70.4,Normal,1
425995.7,89.1,9442.2,74.73,4,106.1,Severe,1
437034.7,89.0,10904.8,70.54,1,114.0,Normal,1
97076.2,77.0,2470.7,65.93,5,47.6,Normal,1
37906.1,44.5,1264.5,86.62,5,17.6,Normal,0
195992.3,38.4,5023.3,89.06,1,46.2,Normal,0
448311.4,64.0,13228.2,71.02,6,89.4,Extreme,1
241217.7,18.3,6860.7,89.52,2,46.5,Extreme,0
301864.2,35.3,11246.5,87.08,4,47.9,Severe,1
433102.5,102.6,15000.0,61.52,5,115.4,Severe,1
149546.7,19.9,4850.0,87.95,2,31.9,Severe,0
182037.7,13.6,5645.0,94.89,3,32.9,Extreme,1
304329.4,64.1,7607.3,74.19,4,73.6,Normal,1
81364.3,106.5,2807.6,70.66,2,81.1,Normal,0
211151.7,110.6,8273.7,56.88,4,86.3,Normal,1
261277.3,97.9,8418.9,67.65,1,100.9,Normal,0
78746.7,75.9,2785.1,66.81,4,50.4,Extreme,0
144303.4,117.0,3249.6,66.52,4,79.4,Severe,1
449084.9,13.8,10058.1,98.96,3,67.7,Severe,1
282921.5,78.5,7126.6,70.49,5,62.7,Severe,1
237667.2,34.9,4943.7,85.79,5,38.0,Severe,0
134117.7,102.6,3665.9,59.05,6,55.7,Normal,1
428120.6,60.0,11571.7,80.28,4,86.2,Normal,1
104295.1,103.2,2627.3,57.58,6,59.8,Severe,1
68174.5,99.6,2508.3,66.83,5,59.3,Extreme,1
96354.4,108.9,2998.3,58.82,6,59.2,Normal,1
188136.9,95.1,7452.6,72.73,1,96.4,Severe,1
76063.4,41.9,2395.9,93.28,5,28.6,Severe,0
422443.7,84.7,9715.0,76.71,4,106.6,Extreme,1
265715.5,99.5,7207.7,70.06,4,84.5,Normal,1
134334.2,61.4,2935.6,76.3,3,57.7,Severe,0
55218.6,62.8,1545.2,74.48,4,48.1,Normal,0
207814.9,15.0,8258.1,93.17,5,31.8,Normal,0
339319.2,33.8,8727.6,89.7,6,42.3,Normal,1
356758.9,46.9,12069.1,78.06,2,76.3,Extreme,1
46116.8,24.3,1973.4,89.18,3,9.4,Normal,0
220796.9,74.9,5397.9,65.98,4,69.5,Normal,1
349675.4,30.3,11615.3,90.29,4,46.3,Severe,1
246871.0,59.3,9865.7,82.22,4,50.8,Normal,1
426540.8,64.7,8948.3,83.06,1,101.2,Normal,0
401006.7,70.9,9753.4,64.93,5,81.4,Normal,0
442537.9,8.3,13119.8,97.45,2,52.9,Severe,1
421911.6,45.6,13378.8,83.18,3,69.3,Severe,0
46834.4,73.7,1170.6,69.94,1,54.8,Normal,1
74007.3,67.8,2436.6,77.43,5,49.7,Normal,0
158874.4,88.9,4833.1,75.83,4,66.8,Normal,0
413644.5,96.2,12649.6,67.67,3,111.2,Severe,1
68627.1,87.0,2574.9,73.76,2,71.9,Severe,1
241000.4,22.6,8344.5,88.14,4,43.9,Severe,0
241123.1,59.0,7032.2,89.01,5,57.3,Normal,0
217126.7,70.5,5172.1,80.19,3,61.6,Severe,0
26117.7,31.7,866.4,88.22,6,0.4,Severe,0
294552.8,96.9,6789.6,68.52,2,105.9,Severe,1
340037.7,53.7,11984.7,83.4,1,83.6,Extreme,1
266590.6,62.6,9862.9,78.75,6,61.3,Normal,0
309648.1,24.4,9867.6,90.93,2,63.1,Severe,1
40399.9,25.4,1620.4,80.41,5,5.9,Severe,0
176873.4,41.2,3843.2,75.18,1,54.1,Extreme,1
125123.8,116.4,4097.9,55.03,5,66.3,Severe,0
70234.5,12.5,1900.2,94.49,6,10.0,Severe,0
200165.9,110.6,7433.2,51.82,1,104.6,Normal,1
396461.8,79.4,11611.7,67.94,1,99.9,Severe,1
291760.2,109.7,6578.3,68.55,2,97.3,Normal,1
437066.1,50.5,11950.5,84.94,1,84.6,Normal,0
22875.9,61.5,1137.3,77.57,3,28.0,Extreme,0
57480.8,11.9,1718.0,100.0,5,7.2,Normal,0
104234.3,95.6,2966.8,69.52,6,55.6,Normal,0
182634.0,25.5,4145.2,87.97,5,33.0,Extreme,1
168940.6,95.5,3992.0,56.5,2,89.6,Normal,1
339470.6,114.7,9584.2,71.05,5,94.2,Normal,1
234829.6,93.0,5194.9,66.6,1,89.7,Severe,1
253302.8,94.9,6871.7,72.57,1,86.3,Normal,1
125650.8,36.7,4533.5,77.77,5,32.0,Extreme,1
309794.2,77.3,7682.1,67.97,4,88.1,Severe,1
443084.9,89.0,15000.0,65.88,5,90.3,Extreme,1
173388.0,18.1,5861.9,92.16,5,30.0,Normal,0
423620.6,46.8,11852.1,84.83,3,76.7,Severe,0
401898.5,47.2,8343.3,87.5,2,81.4,Extreme,1
48734.4,13.6,1206.4,100.0,4,14.2,Extreme,0
35236.5,51.0,1032.8,82.0,2,43.6,Extreme,1
349612.8,114.1,10300.4,61.14,3,109.5,Normal,1
197640.4,26.0,4412.9,91.71,2,52.0,Normal,0
216677.9,7.5,4971.8,93.6,4,16.9,Severe,0
172124.6,106.1,4816.2,60.58,3,90.4,Normal,1
296785.9,56.6,9028.3,83.63,5,66.5,Normal,0
273868.2,110.2,7942.0,55.41,4,87.2,Normal,1
378526.5,60.0,10836.0,86.54,1,80.3,Extreme,1
88844.4,34.7,3196.4,83.46,2,24.3,Severe,0
382688.7,65.4,15000.0,81.0,1,91.0,Severe,1
179280.7,114.0,4283.4,56.43,3,80.6,Normal,0
117383.8,101.7,3590.7,69.76,1,82.0,Normal,1
246574.8,17.0,8359.3,91.54,4,31.1,Severe,0
304111.1,59.6,7780.0,75.79,4,61.1,Extreme,0
345548.8,43.3,7490.7,73.72,1,74.1,Extreme,1
163637.2,108.4,6205.9,60.09,5,76.5,Severe,0
149154.7,59.4,5437.1,81.09,3,53.8,Normal,0
358355.5,101.5,8093.3,65.86,5,104.7,Normal,0
59735.1,100.9,1913.5,70.69,6,58.8,Severe,1
107859.4,87.9,2974.3,73.1,3,71.7,Extreme,0
135574.7,41.9,3390.8,86.67,6,18.9,Severe,0
419947.8,38.3,11342.5,84.59,1,89.4,Normal,1
221887.7,107.8,4611.7,59.94,3,81.6,Severe,0
346650.3,66.7,9347.1,71.92,5,70.6,Normal,1
379620.4,114.1,9443.8,56.95,3,113.7,Normal,1
274170.8,79.7,7698.6,69.3,6,76.4,Normal,1
142296.2,31.2,3278.4,88.33,2,31.2,Severe,0
327932.7,12.1,7826.2,89.74,2,45.5,Normal,0
35043.7,114.0,966.0,60.85,3,76.7,Extreme,1
400287.6,55.6,10895.2,77.11,1,80.2,Normal,1
314275.2,59.2,11790.9,78.64,6,61.5,Severe,0
358747.1,46.5,10205.9,91.48,2,76.4,Normal,1
135763.5,96.1,3598.5,70.61,4,68.9,Normal,1
421160.2,71.1,15000.0,84.42,1,111.2,Normal,0
348601.9,10.3,7680.2,97.16,6,43.2,Extreme,0
261230.8,108.4,6049.0,60.34,6,93.0,Severe,1
30798.5,31.9,1005.5,85.17,4,18.1,Normal,0
204351.3,102.2,4877.6,70.67,4,74.3,Normal,0
406836.8,86.6,11888.4,61.49,4,94.0,Normal,1
403530.5,21.2,10122.1,93.1,1,76.1,Normal,1
422705.4,32.6,13657.5,79.2,4,75.2,Normal,1
120091.9,40.4,2935.3,81.0,5,24.6,Severe,0
387580.2,120.0,10686.3,64.42,4,115.6,Normal,1
132095.7,67.4,5585.4,81.72,3,61.9,Normal,0
169180.6,118.8,5515.2,57.63,3,81.9,Normal,1
144750.0,16.0,4884.6,91.6,3,28.4,Extreme,1
288164.1,93.5,7842.9,60.78,5,82.9,Extreme,1
203431.4,82.2,4791.2,78.83,3,75.0,Normal,0
417385.2,118.7,14208.0,54.61,5,120.0,Normal,1
53559.5,25.1,2067.3,92.97,5,20.8,Extreme,1
281892.6,6.8,11456.5,93.04,2,48.4,Normal,1
76310.4,106.1,3055.8,65.3,6,55.9,Severe,0
89432.8,41.8,3903.4,86.05,4,25.2,Normal,0
428587.3,62.5,9194.0,76.24,1,99.0,Normal,1
25471.3,10.3,892.0,100.0,6,0.0,Extreme,0
436021.9,55.2,14346.4,80.41,6,68.0,Severe,0
114180.1,63.5,2544.6,78.56,1,65.9,Severe,1
321043.8,40.3,13206.0,80.52,2,60.4,Normal,1
69121.3,43.8,2144.9,93.48,2,43.0,Extreme,0
58632.2,107.0,2139.9,60.74,5,58.4,Severe,1
417420.7,8.9,9485.4,100.0,3,52.1,Severe,0
74410.5,33.1,2326.3,88.52,5,23.0,Normal,0
111556.7,114.9,2730.7,54.93,2,92.8,Normal,1
249035.4,51.0,6004.6,82.63,4,65.6,Normal,0
234897.7,44.3,5192.1,88.09,3,62.8,Normal,0
78184.5,59.1,2197.7,82.59,6,41.0,Extreme,0
291125.4,80.4,6859.3,71.25,3,73.2,Severe,0
344066.3,22.8,10712.2,91.86,6,44.1,Severe,0
345528.1,47.5,13801.0,85.06,5,64.3,Severe,1
146461.8,107.8,4309.5,65.92,2,82.8,Normal,0
441832.3,117.2,10496.5,58.14,4,111.5,Normal,1
378737.3,84.1,11068.0,71.97,5,86.8,Severe,1
132120.6,95.9,4834.1,69.04,5,63.0,Normal,1
350528.4,13.4,12345.6,89.57,2,45.0,Severe,0
139062.7,38.1,3578.3,87.23,4,41.0,Severe,0
338656.4,10.3,12026.3,96.39,4,44.1,Extreme,1
224710.2,8.1,5131.6,93.03,6,23.6,Severe,0
350209.5,87.9,9055.0,81.35,6,74.5,Extreme,1
396883.6,119.0,15000.0,54.79,4,106.2,Normal,1
180170.9,24.5,5948.0,99.5,3,31.5,Normal,1
348210.0,71.1,10358.2,77.23,2,82.0,Severe,1
187362.7,47.8,6394.3,82.56,1,49.1,Normal,0
358360.4,42.7,9962.9,86.27,1,85.0,Severe,1
12685.0,84.3,523.8,67.71,6,38.3,Extreme,1
79178.2,52.8,3175.4,85.57,6,31.0,Severe,1
338293.7,12.3,7759.5,96.93,6,39.0,Extreme,0
260516.4,94.3,7885.0,59.89,4,83.1,Normal,1
222364.2,44.4,5495.8,81.39,2,53.8,Extreme,1
143040.9,109.5,4749.9,59.58,1,80.8,Severe,1
234822.1,64.4,4929.0,77.63,5,61.4,Normal,0
51967.7,30.0,2113.7,87.32,1,38.4,Severe,0
350054.2,48.6,10858.9,81.48,5,62.5,Severe,1
324044.1,97.1,9173.9,59.8,5,94.0,Normal,1
242520.5,110.0,5598.2,57.29,1,108.6,Extreme,1
251528.0,31.9,9311.0,92.78,3,47.1,Normal,1
210799.7,105.1,7392.1,61.83,3,92.6,Severe,1
400151.4,103.4,13911.1,63.31,1,115.1,Normal,1
300986.5,48.5,9858.8,88.06,2,73.5,Normal,0
143243.8,39.5,4225.5,91.93,1,39.8,Extreme,0
315125.1,61.4,6979.9,80.26,2,85.3,Normal,1
345537.2,24.3,7850.7,79.86,6,37.8,Normal,0
401115.9,101.6,12660.3,67.21,1,117.8,Normal,1
152263.8,12.1,5259.7,93.38,6,8.1,Extreme,0
227605.0,115.7,8748.4,58.38,2,98.8,Normal,1
363432.2,66.9,13777.5,71.66,4,82.4,Severe,1
241711.4,85.8,6784.9,74.14,1,88.6,Normal,0
52976.4,24.6,2089.8,94.15,4,24.7,Normal,0
434845.9,56.4,10451.8,83.56,1,95.3,Normal,1
10942.2,117.1,756.2,64.63,5,57.7,Normal,1
179526.2,36.2,5583.9,83.42,5,25.1,Normal,0
225171.7,65.5,5428.1,79.76,3,66.0,Severe,1
94343.3,89.1,3135.8,73.84,4,61.4,Severe,0
91887.9,94.7,2815.4,63.11,2,74.8,Severe,1
253197.6,118.8,5482.4,52.24,2,98.8,Normal,1
327941.7,83.4,10724.2,71.14,4,85.4,Extreme,1
58005.5,53.7,2363.6,85.28,3,35.7,Normal,0
32937.7,72.9,1173.7,68.87,5,41.5,Normal,0
439185.6,22.3,12284.2,91.95,5,68.2,Severe,0
148579.8,42.3,3691.5,88.06,2,39.1,Severe,0
407021.2,23.1,10664.9,91.66,5,57.0,Normal,1
164851.3,104.6,4323.5,62.29,4,76.6,Normal,1
263067.2,77.9,7006.6,74.92,2,79.1,Normal,1
75872.8,66.9,1985.9,77.84,2,61.3,Severe,1
34592.2,113.8,1432.9,62.31,4,74.5,Normal,1
205962.0,36.1,5990.6,76.63,3,53.2,Normal,0
417238.4,98.3,9671.2,68.56,4,95.7,Normal,0
232690.4,80.3,5263.3,67.83,2,76.5,Normal,1
256436.4,90.2,5579.1,73.65,4,83.3,Normal,1
421840.0,112.9,13982.7,63.64,3,117.9,Extreme,1
19652.4,79.5,917.2,71.93,6,42.6,Extreme,0
41866.1,48.8,1171.3,89.42,3,25.7,Normal,0
40720.2,27.2,2069.2,90.41,3,16.1,Normal,0
199888.7,24.5,6694.0,91.17,4,28.7,Normal,0
168011.7,18.2,6972.9,87.16,1,38.9,Normal,0
94773.4,23.6,2498.2,91.01,5,18.4,Normal,0
221576.6,101.2,8716.4,67.87,6,70.3,Normal,0
368594.6,71.3,7812.8,76.05,3,92.6,Normal,0
345141.9,13.0,8166.1,100.0,3,47.4,Normal,0
353792.2,53.5,12805.5,81.24,5,61.3,Normal,0
294823.5,6.7,6926.1,99.68,5,31.4,Normal,0
351402.9,85.0,8253.2,64.03,1,98.0,Normal,1
63852.3,107.9,1558.2,64.84,5,64.0,Normal,0
431769.3,81.5,11547.4,70.3,2,96.9,Normal,1
327301.1,41.8,11677.6,87.91,2,71.1,Severe,1
92410.6,116.1,2517.1,64.22,5,78.9,Severe,1
256726.2,39.1,5804.1,89.98,5,44.5,Normal,0
307517.2,89.3,10202.5,65.57,2,93.3,Normal,1
399005.3,115.7,10091.2,60.72,4,120.0,Normal,0
55450.3,27.1,2062.1,87.04,6,17.0,Normal,0
168817.0,55.3,5449.7,84.94,2,50.3,Normal,1
36981.0,24.4,1331.1,95.79,4,16.1,Normal,0
218904.8,95.6,6173.1,64.43,4,72.9,Normal,1
273399.2,74.6,6366.7,73.6,3,79.6,Normal,0
399941.1,65.6,14610.4,77.07,3,85.0,Severe,0
74984.9,21.0,1941.2,94.54,6,0.9,Normal,1
344631.6,8.2,8368.7,87.08,3,44.1,Normal,0
118783.7,86.5,3607.2,66.13,2,69.7,Severe,1
405258.1,89.9,8595.2,69.55,5,91.8,Extreme,1
311618.5,88.0,7714.2,74.39,5,86.8,Normal,0
170709.5,63.6,4280.2,82.67,4,51.0,Severe,0
272732.6,76.8,9791.1,75.68,1,90.0,Normal,1
45654.5,51.2,1276.3,77.69,1,37.2,Normal,0
45010.9,60.9,1382.6,82.08,4,33.0,Severe,0
362778.9,111.8,11506.7,67.82,4,98.4,Extreme,1
333656.5,57.1,11532.9,87.96,5,59.6,Severe,0
213315.2,19.4,4686.4,100.0,2,42.6,Normal,0
346038.3,6.9,7250.3,100.0,2,45.8,Extreme,0
55044.4,83.0,1545.2,74.62,6,49.6,Normal,0
53348.6,13.8,2050.9,91.8,3,9.3,Normal,0
13045.1,85.2,783.4,72.17,6,37.0,Severe,0
124269.0,43.9,2978.7,96.43,1,55.3,Severe,0
252855.6,34.9,10145.1,93.05,3,45.5,Normal,1
416363.4,112.6,8643.0,62.19,2,120.0,Extreme,1
349049.1,82.8,7706.3,68.23,1,107.7,Normal,1
177600.2,57.9,5971.8,78.17,1,72.2,Normal,1
163493.9,44.2,3720.2,82.13,1,56.8,Severe,0
266895.7,118.6,7116.9,66.96,3,103.9,Severe,1
437032.6,91.5,10936.5,66.75,3,109.7,Severe,1
284289.2,54.5,8875.1,67.66,6,55.7,Normal,1
286548.2,112.0,7282.9,63.84,3,92.7,Severe,1
414572.3,42.5,11861.5,88.51,6,71.1,Normal,1
178205.3,38.4,5492.9,84.04,2,41.1,Severe,0
293396.2,59.3,8340.0,82.57,2,78.8,Normal,1
356373.9,108.4,8515.5,59.3,4,110.0,Normal,1
219700.8,57.9,7350.8,76.78,5,60.7,Extreme,1
322710.5,65.2,8962.4,69.94,2,88.7,Extreme,1
137075.7,97.7,3020.2,70.34,3,79.6,Normal,0
280281.7,86.7,7166.4,64.88,2,89.9,Severe,1
426712.8,110.3,9503.1,67.31,4,119.7,Severe,1
133127.8,37.6,5537.5,87.27,4,24.3,Severe,0
246650.3,19.0,8256.1,90.49,3,50.1,Normal,0
172672.3,37.3,4799.8,85.68,3,46.5,Severe,1
337163.0,100.9,11013.2,58.57,4,91.8,Normal,1
60647.1,79.7,1803.9,69.61,4,43.0,Extreme,1
156480.0,69.0,4635.1,68.03,6,50.6,Severe,1
434739.4,37.5,12036.0,74.08,5,61.4,Severe,0
426923.5,76.9,8908.7,63.77,1,102.3,Severe,1
111299.1,29.0,4081.7,85.49,5,13.1,Severe,0
93359.2,113.4,2265.4,59.53,4,72.4,Normal,0
370321.0,11.4,11469.7,100.0,6,45.2,Severe,0
223846.3,113.8,6664.5,59.26,5,82.4,Normal,0
346000.0,77.4,13157.8,76.54,3,91.4,Normal,1
321646.8,92.9,7538.0,63.23,4,98.8,Severe,0
323924.9,60.1,9684.2,78.73,3,77.2,Severe,1
174748.9,7.9,4296.5,99.49,3,31.2,Extreme,0
367151.1,27.6,8865.4,86.38,3,53.8,Normal,0
17799.9,101.3,981.0,57.48,4,48.8,Normal,0
14246.2,20.2,578.2,94.73,1,10.7,Normal,0
128990.9,47.0,3808.0,89.12,2,42.2,Normal,1
330755.8,76.7,7145.1,83.24,5,75.0,Extreme,1
316861.7,30.5,12074.6,92.1,4,52.4,Normal,0
378632.5,88.7,15000.0,70.11,1,98.5,Normal,1
38446.7,92.1,1332.6,69.9,4,56.7,Normal,0
35487.5,34.9,1634.7,89.99,2,27.1,Extreme,1
417267.0,110.0,8796.7,60.07,4,104.0,Extreme,1
396403.2,88.3,11320.6,72.79,4,92.7,Severe,1
341484.2,106.0,8749.7,65.18,1,115.6,Extreme,1
405905.6,69.2,11067.2,70.18,6,69.9,Normal,1
13337.3,74.3,389.5,81.72,1,54.3,Normal,0
318189.1,107.4,9625.8,60.07,1,118.1,Normal,1
396295.1,109.2,13047.7,76.33,6,110.7,Severe,1
385038.3,96.4,8858.3,66.28,3,103.8,Normal,1
34806.6,74.5,1554.3,64.63,4,43.0,Normal,1
26572.0,118.8,827.8,63.7,6,52.9,Normal,1
417301.7,88.0,10575.3,61.12,3,101.9,Extreme,1
193243.4,9.9,7887.0,100.0,6,16.6,Severe,0
75136.6,117.6,3012.9,56.34,6,67.1,Normal,1
355229.7,16.4,8571.3,88.79,6,38.5,Severe,0
330477.5,61.0,8806.3,79.03,6,66.6,Severe,1
322973.1,64.0,11105.0,77.89,1,84.1,Normal,1
293188.1,92.8,6291.1,67.39,2,92.2,Normal,1
95422.6,103.4,2899.2,59.69,2,77.2,Extreme,1
448351.8,103.7,9879.2,62.28,1,114.9,Severe,1
272195.1,99.7,8234.2,69.09,3,91.1,Severe,1
267360.9,33.6,6195.6,93.53,4,43.1,Extreme,1
240960.4,55.5,8360.5,81.02,2,56.3,Normal,1
403891.2,62.7,15000.0,77.21,6,80.1,Severe,1
241782.3,74.3,6527.9,77.42,5,70.6,Extreme,1
205767.8,51.0,7539.1,88.5,4,59.1,Normal,0
15055.8,61.0,690.5,75.55,4,29.0,Normal,0
289429.1,6.9,9983.7,91.44,6,36.1,Extreme,1
318148.2,9.1,9338.7,93.98,4,34.5,Extreme,0
204629.9,19.4,4279.9,92.9,6,24.5,Normal,0
241090.1,60.1,9130.2,79.05,3,69.7,Normal,1
100449.3,107.0,3984.5,61.74,6,59.4,Normal,1
179284.3,19.7,4328.7,95.81,2,42.2,Normal,0
186380.4,85.2,5429.1,73.82,6,51.4,Normal,0
404373.9,92.8,11627.3,65.15,2,117.7,Normal,1
433837.5,20.9,11074.2,92.67,1,71.2,Severe,0
369903.0,102.7,8132.5,63.05,3,113.9,Extreme,1
210868.8,89.8,5589.4,62.18,4,70.4,Normal,0
176365.2,29.9,5371.9,81.04,6,31.6,Extreme,0
362883.7,17.3,8076.6,95.63,2,67.0,Normal,1
247636.9,94.5,9617.0,63.32,4,82.4,Severe,1
201260.2,97.4,4605.4,66.35,2,90.0,Extreme,1
208655.0,68.5,6956.0,69.53,4,55.0,Severe,0
377599.4,58.8,12739.5,81.48,6,64.9,Extreme,1
432547.8,8.3,10032.7,94.65,4,45.0,Normal,1
27506.5,70.2,773.4,67.1,5,28.0,Extreme,0
247492.5,108.2,10190.5,56.18,6,79.5,Extreme,1
141036.3,48.3,4322.8,92.61,5,42.4,Normal,0
96542.3,57.6,3287.1,79.99,3,43.7,Severe,0
217837.8,104.4,6962.6,60.88,2,82.3,Severe,1
274456.8,64.3,9206.1,74.85,2,66.6,Extreme,1
393446.8,119.6,10559.2,56.73,3,110.6,Severe,1
249684.6,42.3,5341.9,84.74,4,57.6,Normal,0
53808.8,53.4,1777.0,78.03,2,40.2,Normal,0
243042.8,69.5,4939.3,69.0,5,69.1,Normal,1
359535.0,18.1,9146.5,91.11,5,51.8,Severe,0
250577.9,91.4,9047.6,78.4,4,89.2,Normal,0
260213.1,64.0,6030.2,78.0,4,63.0,Normal,0
429016.2,11.7,15000.0,96.3,2,58.9,Normal,0
207617.9,109.3,6213.7,69.22,5,80.5,Normal,0
21724.7,78.7,1067.0,81.48,3,52.1,Normal,0
165493.4,47.7,3707.6,82.03,5,38.8,Normal,0
29880.7,98.9,834.9,68.14,3,53.8,Normal,0
88276.7,9.0,3008.0,100.0,4,18.9,Normal,0
373394.3,100.9,11121.0,64.89,6,83.5,Normal,1
290720.3,91.0,9468.0,66.88,4,76.9,Normal,1
275206.4,6.4,8378.7,99.2,3,34.9,Extreme,1
313931.8,26.4,12298.9,93.96,4,40.0,Normal,1
254994.1,41.0,6322.4,94.8,1,68.2,Severe,0
172069.8,7.9,6343.3,100.0,1,33.2,Extreme,0
14538.8,115.7,569.9,52.5,6,63.2,Normal,1
141601.6,112.1,3780.9,54.01,2,87.2,Normal,1
22704.0,111.7,1012.8,60.6,4,57.9,Severe,0
129829.7,32.4,4090.4,88.94,2,44.4,Normal,1
16372.0,66.5,986.5,80.23,6,20.2,Extreme,1
252202.4,56.2,6318.2,82.82,3,59.9,Severe,0
24850.7,72.1,1225.4,71.54,6,35.0,Severe,1
159019.8,11.0,4376.5,100.0,5,15.7,Extreme,0
202273.0,18.6,4671.5,99.88,1,37.9,Normal,1
402600.7,115.2,14509.0,60.8,5,109.7,Normal,1
408933.6,67.8,10102.7,68.77,3,80.6,Severe,1
339036.8,20.2,10185.6,95.92,5,43.9,Severe,1
236008.6,9.8,6669.8,100.0,5,27.8,Extreme,0
340988.0,101.9,7439.5,74.18,3,102.0,Severe,0
345234.2,26.3,14086.5,90.25,3,50.1,Normal,0
187135.6,24.6,5863.9,100.0,4,23.1,Normal,0
423385.6,49.6,11795.7,84.78,3,76.6,Severe,0
185171.1,69.2,4936.8,77.75,6,55.8,Normal,0
388831.6,31.1,11325.8,87.3,5,64.3,Normal,1
192803.8,52.4,4528.8,86.43,4,47.9,Normal,0
366730.3,50.8,8980.1,84.08,4,79.7,Normal,0
222974.6,101.9,7211.0,69.1,4,79.6,Normal,1
131601.4,65.7,3449.4,79.94,4,50.1,Severe,0
107763.1,79.2,2573.3,66.29,4,61.5,Normal,1
439423.9,11.4,12071.1,93.23,4,58.2,Normal,1
393964.7,56.4,12589.7,83.28,4,85.8,Normal,1
370375.8,76.2,11079.1,71.67,5,80.8,Severe,1
325559.6,35.2,10063.4,85.16,4,58.1,Normal,0
37375.5,51.9,1850.8,83.94,2,35.7,Normal,0
273289.3,27.0,8198.1,90.69,2,48.1,Severe,1
277456.5,38.3,6524.9,85.94,1,72.9,Extreme,0
254168.6,74.4,6537.6,73.03,5,56.9,Normal,0
15044.9,9.7,924.1,87.51,6,0.0,Normal,0
28497.5,19.1,793.4,100.0,6,0.0,Severe,0
381785.5,116.3,11556.5,58.24,1,120.0,Normal,1
106314.1,13.7,3021.9,99.64,1,32.3,Severe,1
334818.4,45.1,9791.8,80.78,2,78.0,Normal,1
414310.8,25.4,12746.9,94.87,2,74.5,Normal,0
369517.8,10.7,9377.4,94.34,3,44.2,Extreme,0
415713.3,45.3,10122.0,83.95,2,79.4,Extreme,1
285828.1,79.6,9165.9,70.06,4,77.4,Normal,1
65408.6,103.8,1614.6,62.52,1,70.7,Normal,1
182767.5,25.9,5442.8,94.86,1,40.0,Normal,1
177688.0,96.3,5197.1,68.53,2,75.3,Normal,1
443458.1,43.0,12411.5,85.2,3,88.4,Normal,1
353687.5,72.8,11145.7,69.28,4,78.6,Normal,0
406819.1,117.2,8760.4,59.77,5,116.8,Normal,1
202345.1,48.1,6405.1,91.96,2,48.4,Normal,1
30708.9,53.1,1202.7,81.43,5,33.7,Extreme,0
100480.0,10.6,3061.4,97.57,2,22.1,Normal,0
354994.6,86.7,14399.7,64.02,6,79.5,Severe,1
127040.5,13.6,3259.9,99.83,4,12.0,Severe,0
179363.0,116.4,4522.5,58.2,6,73.6,Normal,0
109016.9,103.7,2988.9,60.81,4,73.8,Normal,1
239350.0,21.7,6507.5,91.91,3,31.5,Normal,0
48606.6,42.7,1270.0,79.77,4,28.6,Normal,0
90244.4,10.9,2621.0,94.16,3,19.5,Normal,0
38334.8,95.5,1629.4,64.34,1,68.9,Normal,0
239928.0,39.2,9329.8,83.65,2,61.9,Normal,0
325673.6,118.7,10664.8,62.75,4,102.8,Normal,1
263576.7,80.7,8122.2,78.74,3,69.6,Severe,0
200462.0,72.4,5311.0,71.45,3,64.8,Severe,1
160311.4,117.9,5571.9,56.08,6,77.7,Severe,1
370216.3,71.8,11359.9,68.96,3,82.1,Extreme,1
444951.0,97.8,11598.1,69.27,2,117.7,Normal,1
181154.0,23.2,4840.9,99.73,3,43.7,Normal,0
403078.9,79.6,8391.1,70.2,2,106.5,Extreme,0
276224.4,64.5,9190.7,67.01,2,80.0,Normal,1
35391.2,105.3,1118.6,62.5,1,71.9,Extreme,1
91041.8,88.1,2212.5,66.08,6,42.9,Normal,1
57236.5,27.0,2431.7,100.0,6,18.6,Severe,0
118818.1,49.5,3092.8,90.35,1,52.6,Normal,0
298706.9,59.7,10339.9,74.77,1,75.2,Normal,0
285161.3,103.8,11315.7,69.16,5,87.0,Normal,1
104065.2,39.9,3394.8,84.76,5,18.5,Extreme,1
212572.9,71.1,7087.2,71.68,1,75.8,Normal,0
302766.9,112.0,9785.5,59.04,2,106.0,Extreme,1
163959.1,48.8,6645.2,81.16,5,34.1,Extreme,1
47295.9,89.8,1128.6,72.75,1,68.3,Severe,1
123058.8,50.2,4076.4,87.19,6,41.2,Normal,0
97294.4,59.6,2527.4,72.46,3,52.6,Normal,0
403771.7,8.2,12967.2,93.65,5,36.8,Normal,0
119761.1,63.4,3200.6,78.4,4,47.2,Normal,0
65835.7,58.7,2625.7,78.0,4,32.3,Severe,0
110343.6,108.3,3556.4,59.23,4,64.7,Severe,1
35094.1,45.1,1140.4,93.71,2,43.2,Normal,0
19168.2,76.7,754.1,77.64,5,35.2,Normal,0
409954.3,91.9,15000.0,74.34,6,98.7,Severe,1
299182.4,79.3,6580.9,71.74,5,67.1,Severe,1
250691.4,39.6,8585.8,78.16,4,55.0,Normal,0
137632.5,39.1,3509.1,92.64,6,19.6,Normal,0
378080.9,19.9,11144.5,92.87,4,52.2,Extreme,1
389864.8,74.2,15000.0,76.83,4,88.2,Normal,1
54975.5,84.6,1619.6,72.23,2,58.6,Extreme,0
396229.3,99.5,9332.3,63.29,3,98.9,Extreme,1
112112.6,93.0,3076.5,64.78,6,61.4,Normal,0
31894.8,45.0,1395.8,88.71,4,21.4,Extreme,0
331512.8,90.5,10679.9,71.02,6,78.2,Normal,1
31968.6,7.2,1030.5,100.0,1,12.3,Normal,0
325348.9,72.4,12033.1,80.66,1,90.9,Normal,1
221722.2,63.0,8507.6,75.21,3,61.0,Normal,0
374291.2,19.7,11653.4,93.66,6,51.7,Severe,1
175768.1,46.2,4418.2,89.69,1,53.2,Normal,0
408946.8,48.4,9645.2,85.73,2,84.7,Extreme,1
38558.2,10.6,1681.3,93.09,4,0.0,Extreme,0
348361.5,45.7,12345.1,79.18,2,64.5,Extreme,1
304688.7,107.6,9875.8,63.2,5,96.7,Severe,1
81546.2,84.8,2050.6,72.01,1,73.3,Normal,0
10968.7,28.4,385.1,100.0,1,34.0,Severe,0
253712.2,11.1,7582.1,96.69,5,36.3,Normal,0
47042.6,100.9,1476.1,62.86,5,63.4,Normal,1
