vehicle_id,cycle_count,avg_depth_of_discharge,avg_operating_temp_c,soh_percent
VEH-1015,0,0.82,36.4,100.0
VEH-1015,6,0.82,36.4,100.0
VEH-1015,12,0.82,36.4,100.0
VEH-1015,18,0.82,36.4,99.85
VEH-1015,24,0.82,36.4,99.88
VEH-1015,30,0.82,36.4,99.38
VEH-1015,36,0.82,36.4,99.4
VEH-1015,42,0.82,36.4,99.02
VEH-1015,48,0.82,36.4,99.5
VEH-1015,54,0.82,36.4,98.63
VEH-1015,60,0.82,36.4,99.21
VEH-1015,66,0.82,36.4,98.75
VEH-1015,72,0.82,36.4,99.12
VEH-1015,78,0.82,36.4,98.86
VEH-1015,84,0.82,36.4,99.12
VEH-1015,90,0.82,36.4,98.62
VEH-1015,96,0.82,36.4,97.7
VEH-1015,102,0.82,36.4,98.11
VEH-1015,108,0.82,36.4,97.61
VEH-1015,114,0.82,36.4,97.72
VEH-1015,120,0.82,36.4,98.32
VEH-1015,126,0.82,36.4,97.89
VEH-1015,132,0.82,36.4,97.31
VEH-1015,138,0.82,36.4,97.08
VEH-1015,144,0.82,36.4,97.33
VEH-1015,150,0.82,36.4,96.78
VEH-1015,156,0.82,36.4,96.85
VEH-1015,162,0.82,36.4,97.08
VEH-1015,168,0.82,36.4,97.25
VEH-1015,174,0.82,36.4,96.94
VEH-1015,180,0.82,36.4,95.81
VEH-1015,186,0.82,36.4,96.6
VEH-1015,192,0.82,36.4,96.4
VEH-1015,198,0.82,36.4,96.4
VEH-1015,204,0.82,36.4,96.7
VEH-1015,210,0.82,36.4,95.3
VEH-1015,216,0.82,36.4,95.69
VEH-1015,222,0.82,36.4,95.99
VEH-1015,228,0.82,36.4,95.11
VEH-1015,234,0.82,36.4,96.06
VEH-1015,240,0.82,36.4,95.55
VEH-1015,246,0.82,36.4,95.59
VEH-1015,252,0.82,36.4,94.98
VEH-1015,258,0.82,36.4,95.34
VEH-1015,264,0.82,36.4,95.31
VEH-1015,270,0.82,36.4,94.9
VEH-1015,276,0.82,36.4,94.78
VEH-1015,282,0.82,36.4,94.67
VEH-1015,288,0.82,36.4,94.15
VEH-1015,294,0.82,36.4,94.28
VEH-1015,300,0.82,36.4,94.16
VEH-1015,306,0.82,36.4,94.22
VEH-1015,312,0.82,36.4,94.32
VEH-1015,318,0.82,36.4,93.47
VEH-1015,324,0.82,36.4,93.68
VEH-1015,330,0.82,36.4,94.12
VEH-1015,336,0.82,36.4,93.22
VEH-1015,342,0.82,36.4,93.07
VEH-1015,348,0.82,36.4,93.3
VEH-1015,354,0.82,36.4,93.41
VEH-1015,360,0.82,36.4,92.99
VEH-1015,366,0.82,36.4,93.33
VEH-1016,0,0.58,28.2,100.0
VEH-1016,7,0.58,28.2,100.0
VEH-1016,14,0.58,28.2,100.0
VEH-1016,21,0.58,28.2,100.0
VEH-1016,28,0.58,28.2,99.6
VEH-1016,35,0.58,28.2,98.88
VEH-1016,42,0.58,28.2,100.0
VEH-1016,49,0.58,28.2,99.25
VEH-1016,56,0.58,28.2,99.36
VEH-1016,63,0.58,28.2,99.69
VEH-1016,70,0.58,28.2,98.58
VEH-1016,77,0.58,28.2,98.61
VEH-1016,84,0.58,28.2,98.39
VEH-1016,91,0.58,28.2,98.59
VEH-1016,98,0.58,28.2,98.93
VEH-1016,105,0.58,28.2,98.86
VEH-1016,112,0.58,28.2,98.68
VEH-1016,119,0.58,28.2,98.0
VEH-1016,126,0.58,28.2,97.59
VEH-1016,133,0.58,28.2,98.33
VEH-1016,140,0.58,28.2,98.05
VEH-1016,147,0.58,28.2,98.28
VEH-1016,154,0.58,28.2,98.27
VEH-1016,161,0.58,28.2,97.98
VEH-1016,168,0.58,28.2,98.1
VEH-1016,175,0.58,28.2,97.82
VEH-1016,182,0.58,28.2,97.83
VEH-1016,189,0.58,28.2,97.3
VEH-1016,196,0.58,28.2,97.39
VEH-1016,203,0.58,28.2,97.43
VEH-1016,210,0.58,28.2,97.55
VEH-1016,217,0.58,28.2,97.03
VEH-1016,224,0.58,28.2,97.26
VEH-1016,231,0.58,28.2,96.88
VEH-1016,238,0.58,28.2,96.84
VEH-1016,245,0.58,28.2,97.07
VEH-1016,252,0.58,28.2,95.99
VEH-1016,259,0.58,28.2,96.14
VEH-1016,266,0.58,28.2,95.98
VEH-1016,273,0.58,28.2,95.58
VEH-1016,280,0.58,28.2,96.06
VEH-1016,287,0.58,28.2,96.47
VEH-1016,294,0.58,28.2,96.01
VEH-1016,301,0.58,28.2,96.08
VEH-1016,308,0.58,28.2,96.29
VEH-1016,315,0.58,28.2,96.28
VEH-1016,322,0.58,28.2,95.69
VEH-1016,329,0.58,28.2,96.09
VEH-1016,336,0.58,28.2,95.55
VEH-1016,343,0.58,28.2,95.13
VEH-1016,350,0.58,28.2,95.12
VEH-1016,357,0.58,28.2,94.71
VEH-1016,364,0.58,28.2,94.82
VEH-1016,371,0.58,28.2,94.9
VEH-1016,378,0.58,28.2,95.21
VEH-1016,385,0.58,28.2,95.43
VEH-1016,392,0.58,28.2,94.25
VEH-1016,399,0.58,28.2,94.77
VEH-1016,406,0.58,28.2,94.17
VEH-1016,413,0.58,28.2,94.6
VEH-1016,420,0.58,28.2,94.29
VEH-1016,427,0.58,28.2,93.6
VEH-1016,434,0.58,28.2,94.46
VEH-1016,441,0.58,28.2,93.83
VEH-1016,448,0.58,28.2,93.75
VEH-1016,455,0.58,28.2,93.47
VEH-1016,462,0.58,28.2,93.51
VEH-1016,469,0.58,28.2,93.79
VEH-1017,0,0.68,21.9,99.93
VEH-1017,11,0.68,21.9,100.0
VEH-1017,22,0.68,21.9,99.88
VEH-1017,33,0.68,21.9,100.0
VEH-1017,44,0.68,21.9,99.38
VEH-1017,55,0.68,21.9,98.85
VEH-1017,66,0.68,21.9,99.61
VEH-1017,77,0.68,21.9,98.98
VEH-1017,88,0.68,21.9,99.35
VEH-1017,99,0.68,21.9,98.96
VEH-1017,110,0.68,21.9,98.64
VEH-1017,121,0.68,21.9,98.67
VEH-1017,132,0.68,21.9,99.09
VEH-1017,143,0.68,21.9,99.0
VEH-1017,154,0.68,21.9,98.15
VEH-1017,165,0.68,21.9,98.05
VEH-1017,176,0.68,21.9,98.23
VEH-1017,187,0.68,21.9,97.41
VEH-1017,198,0.68,21.9,97.68
VEH-1017,209,0.68,21.9,97.41
VEH-1017,220,0.68,21.9,97.39
VEH-1017,231,0.68,21.9,96.85
VEH-1017,242,0.68,21.9,96.44
VEH-1017,253,0.68,21.9,96.13
VEH-1017,264,0.68,21.9,96.32
VEH-1017,275,0.68,21.9,96.4
VEH-1017,286,0.68,21.9,96.32
VEH-1017,297,0.68,21.9,96.95
VEH-1017,308,0.68,21.9,96.52
VEH-1017,319,0.68,21.9,95.65
VEH-1017,330,0.68,21.9,95.96
VEH-1017,341,0.68,21.9,95.55
VEH-1017,352,0.68,21.9,95.45
VEH-1017,363,0.68,21.9,95.47
VEH-1017,374,0.68,21.9,95.47
VEH-1017,385,0.68,21.9,94.99
VEH-1017,396,0.68,21.9,95.33
VEH-1017,407,0.68,21.9,94.41
VEH-1017,418,0.68,21.9,94.67
VEH-1017,429,0.68,21.9,95.43
VEH-1017,440,0.68,21.9,94.45
VEH-1017,451,0.68,21.9,94.72
VEH-1017,462,0.68,21.9,94.11
VEH-1017,473,0.68,21.9,94.13
VEH-1017,484,0.68,21.9,93.76
VEH-1017,495,0.68,21.9,93.57
VEH-1017,506,0.68,21.9,93.21
VEH-1017,517,0.68,21.9,93.48
VEH-1017,528,0.68,21.9,92.88
VEH-1017,539,0.68,21.9,93.27
VEH-1017,550,0.68,21.9,93.26
VEH-1017,561,0.68,21.9,92.86
VEH-1017,572,0.68,21.9,92.49
VEH-1017,583,0.68,21.9,92.59
VEH-1017,594,0.68,21.9,92.18
VEH-1017,605,0.68,21.9,92.46
VEH-1017,616,0.68,21.9,91.34
VEH-1017,627,0.68,21.9,91.72
VEH-1017,638,0.68,21.9,90.99
VEH-1017,649,0.68,21.9,91.01
VEH-1017,660,0.68,21.9,91.86
VEH-1017,671,0.68,21.9,91.55
VEH-1017,682,0.68,21.9,90.83
VEH-1017,693,0.68,21.9,90.4
VEH-1018,0,0.55,28.2,98.96
VEH-1018,6,0.55,28.2,99.75
VEH-1018,12,0.55,28.2,100.0
VEH-1018,18,0.55,28.2,99.95
VEH-1018,24,0.55,28.2,99.53
VEH-1018,30,0.55,28.2,99.82
VEH-1018,36,0.55,28.2,99.04
VEH-1018,42,0.55,28.2,99.4
VEH-1018,48,0.55,28.2,99.47
VEH-1018,54,0.55,28.2,99.33
VEH-1018,60,0.55,28.2,99.56
VEH-1018,66,0.55,28.2,99.33
VEH-1018,72,0.55,28.2,99.37
VEH-1018,78,0.55,28.2,98.82
VEH-1018,84,0.55,28.2,99.3
VEH-1018,90,0.55,28.2,99.48
VEH-1018,96,0.55,28.2,98.49
VEH-1018,102,0.55,28.2,98.44
VEH-1018,108,0.55,28.2,99.14
VEH-1018,114,0.55,28.2,98.53
VEH-1018,120,0.55,28.2,99.01
VEH-1018,126,0.55,28.2,98.29
VEH-1018,132,0.55,28.2,98.87
VEH-1018,138,0.55,28.2,98.33
VEH-1018,144,0.55,28.2,98.3
VEH-1018,150,0.55,28.2,98.68
VEH-1018,156,0.55,28.2,97.92
VEH-1018,162,0.55,28.2,97.64
VEH-1018,168,0.55,28.2,97.74
VEH-1018,174,0.55,28.2,97.97
VEH-1018,180,0.55,28.2,97.19
VEH-1018,186,0.55,28.2,97.88
VEH-1018,192,0.55,28.2,97.39
VEH-1018,198,0.55,28.2,97.9
VEH-1018,204,0.55,28.2,96.58
VEH-1018,210,0.55,28.2,97.06
VEH-1018,216,0.55,28.2,96.67
VEH-1018,222,0.55,28.2,96.89
VEH-1018,228,0.55,28.2,97.18
VEH-1018,234,0.55,28.2,96.95
VEH-1018,240,0.55,28.2,96.85
VEH-1018,246,0.55,28.2,96.8
VEH-1018,252,0.55,28.2,96.85
VEH-1018,258,0.55,28.2,96.34
VEH-1018,264,0.55,28.2,96.86
VEH-1018,270,0.55,28.2,96.77
VEH-1018,276,0.55,28.2,96.59
VEH-1018,282,0.55,28.2,96.57
VEH-1018,288,0.55,28.2,96.39
VEH-1018,294,0.55,28.2,96.92
VEH-1018,300,0.55,28.2,96.1
VEH-1018,306,0.55,28.2,95.94
VEH-1018,312,0.55,28.2,95.7
VEH-1018,318,0.55,28.2,95.52
VEH-1018,324,0.55,28.2,95.37
VEH-1018,330,0.55,28.2,95.41
VEH-1018,336,0.55,28.2,95.61
VEH-1018,342,0.55,28.2,95.67
VEH-1018,348,0.55,28.2,95.49
VEH-1018,354,0.55,28.2,95.13
VEH-1018,360,0.55,28.2,95.63
VEH-1018,366,0.55,28.2,95.49
VEH-1018,372,0.55,28.2,95.09
VEH-1019,0,0.53,31.2,99.77
VEH-1019,20,0.53,31.2,99.96
VEH-1019,40,0.53,31.2,99.58
VEH-1019,60,0.53,31.2,98.74
VEH-1019,80,0.53,31.2,98.96
VEH-1019,100,0.53,31.2,98.81
VEH-1019,120,0.53,31.2,98.13
VEH-1019,140,0.53,31.2,98.24
VEH-1019,160,0.53,31.2,97.39
VEH-1019,180,0.53,31.2,98.09
VEH-1019,200,0.53,31.2,97.78
VEH-1019,220,0.53,31.2,96.98
VEH-1019,240,0.53,31.2,96.91
VEH-1019,260,0.53,31.2,95.66
VEH-1019,280,0.53,31.2,95.82
VEH-1019,300,0.53,31.2,95.83
VEH-1019,320,0.53,31.2,95.28
VEH-1019,340,0.53,31.2,95.62
VEH-1019,360,0.53,31.2,95.78
VEH-1019,380,0.53,31.2,94.38
VEH-1019,400,0.53,31.2,94.21
VEH-1019,420,0.53,31.2,94.3
VEH-1019,440,0.53,31.2,94.49
VEH-1019,460,0.53,31.2,93.21
VEH-1019,480,0.53,31.2,93.43
VEH-1019,500,0.53,31.2,93.69
VEH-1019,520,0.53,31.2,92.18
VEH-1019,540,0.53,31.2,92.02
VEH-1019,560,0.53,31.2,92.03
VEH-1019,580,0.53,31.2,91.7
VEH-1019,600,0.53,31.2,91.87
VEH-1019,620,0.53,31.2,91.38
VEH-1019,640,0.53,31.2,90.38
VEH-1019,660,0.53,31.2,90.88
VEH-1019,680,0.53,31.2,90.2
VEH-1019,700,0.53,31.2,90.56
VEH-1019,720,0.53,31.2,89.59
VEH-1019,740,0.53,31.2,89.29
VEH-1019,760,0.53,31.2,89.41
VEH-1019,780,0.53,31.2,89.19
VEH-1019,800,0.53,31.2,88.78
VEH-1019,820,0.53,31.2,87.73
VEH-1019,840,0.53,31.2,88.21
VEH-1019,860,0.53,31.2,87.36
VEH-1019,880,0.53,31.2,87.51
VEH-1019,900,0.53,31.2,86.62
VEH-1019,920,0.53,31.2,86.98
VEH-1019,940,0.53,31.2,86.24
VEH-1019,960,0.53,31.2,85.77
VEH-1019,980,0.53,31.2,86.17
VEH-1019,1000,0.53,31.2,85.7
VEH-1019,1020,0.53,31.2,85.1
VEH-1019,1040,0.53,31.2,85.52
VEH-1019,1060,0.53,31.2,84.55
VEH-1019,1080,0.53,31.2,84.42
VEH-1019,1100,0.53,31.2,84.2
VEH-1019,1120,0.53,31.2,83.58
VEH-1019,1140,0.53,31.2,83.66
VEH-1019,1160,0.53,31.2,83.0
VEH-1019,1180,0.53,31.2,82.74
VEH-1019,1200,0.53,31.2,83.06
VEH-1019,1220,0.53,31.2,81.91
VEH-1019,1240,0.53,31.2,81.13
VEH-1020,0,0.78,29.5,100.0
VEH-1020,7,0.78,29.5,100.0
VEH-1020,14,0.78,29.5,99.67
VEH-1020,21,0.78,29.5,99.03
VEH-1020,28,0.78,29.5,99.49
VEH-1020,35,0.78,29.5,99.39
VEH-1020,42,0.78,29.5,99.32
VEH-1020,49,0.78,29.5,98.89
VEH-1020,56,0.78,29.5,99.38
VEH-1020,63,0.78,29.5,99.25
VEH-1020,70,0.78,29.5,98.43
VEH-1020,77,0.78,29.5,99.09
VEH-1020,84,0.78,29.5,99.45
VEH-1020,91,0.78,29.5,98.68
VEH-1020,98,0.78,29.5,98.39
VEH-1020,105,0.78,29.5,98.35
VEH-1020,112,0.78,29.5,98.5
VEH-1020,119,0.78,29.5,97.57
VEH-1020,126,0.78,29.5,98.12
VEH-1020,133,0.78,29.5,97.81
VEH-1020,140,0.78,29.5,98.48
VEH-1020,147,0.78,29.5,97.66
VEH-1020,154,0.78,29.5,98.19
VEH-1020,161,0.78,29.5,97.11
VEH-1020,168,0.78,29.5,97.58
VEH-1020,175,0.78,29.5,97.37
VEH-1020,182,0.78,29.5,96.84
VEH-1020,189,0.78,29.5,97.09
VEH-1020,196,0.78,29.5,97.34
VEH-1020,203,0.78,29.5,96.69
VEH-1020,210,0.78,29.5,96.09
VEH-1020,217,0.78,29.5,96.56
VEH-1020,224,0.78,29.5,96.14
VEH-1020,231,0.78,29.5,96.22
VEH-1020,238,0.78,29.5,96.19
VEH-1020,245,0.78,29.5,95.5
VEH-1020,252,0.78,29.5,95.42
VEH-1020,259,0.78,29.5,96.04
VEH-1020,266,0.78,29.5,95.57
VEH-1020,273,0.78,29.5,94.73
VEH-1020,280,0.78,29.5,95.79
VEH-1020,287,0.78,29.5,95.49
VEH-1020,294,0.78,29.5,95.03
VEH-1020,301,0.78,29.5,94.7
VEH-1020,308,0.78,29.5,95.34
VEH-1020,315,0.78,29.5,95.05
VEH-1020,322,0.78,29.5,95.64
VEH-1020,329,0.78,29.5,94.83
VEH-1020,336,0.78,29.5,94.7
VEH-1020,343,0.78,29.5,94.39
VEH-1020,350,0.78,29.5,94.62
VEH-1020,357,0.78,29.5,94.43
VEH-1020,364,0.78,29.5,94.53
VEH-1020,371,0.78,29.5,93.79
VEH-1020,378,0.78,29.5,93.7
VEH-1020,385,0.78,29.5,93.57
VEH-1020,392,0.78,29.5,93.89
VEH-1020,399,0.78,29.5,94.02
VEH-1020,406,0.78,29.5,93.21
VEH-1020,413,0.78,29.5,93.11
VEH-1020,420,0.78,29.5,93.24
VEH-1020,427,0.78,29.5,92.93
VEH-1020,434,0.78,29.5,93.23
VEH-1020,441,0.78,29.5,91.99
VEH-1020,448,0.78,29.5,92.36
VEH-1020,455,0.78,29.5,92.26
VEH-1020,462,0.78,29.5,91.6
VEH-1021,0,0.51,26.7,99.66
VEH-1021,19,0.51,26.7,99.48
VEH-1021,38,0.51,26.7,99.52
VEH-1021,57,0.51,26.7,99.76
VEH-1021,76,0.51,26.7,99.06
VEH-1021,95,0.51,26.7,98.56
VEH-1021,114,0.51,26.7,98.67
VEH-1021,133,0.51,26.7,98.83
VEH-1021,152,0.51,26.7,97.89
VEH-1021,171,0.51,26.7,97.68
VEH-1021,190,0.51,26.7,97.96
VEH-1021,209,0.51,26.7,97.45
VEH-1021,228,0.51,26.7,97.52
VEH-1021,247,0.51,26.7,97.05
VEH-1021,266,0.51,26.7,97.07
VEH-1021,285,0.51,26.7,96.22
VEH-1021,304,0.51,26.7,96.34
VEH-1021,323,0.51,26.7,96.03
VEH-1021,342,0.51,26.7,95.43
VEH-1021,361,0.51,26.7,95.07
VEH-1021,380,0.51,26.7,95.62
VEH-1021,399,0.51,26.7,95.01
VEH-1021,418,0.51,26.7,94.53
VEH-1021,437,0.51,26.7,94.61
VEH-1021,456,0.51,26.7,94.79
VEH-1021,475,0.51,26.7,93.36
VEH-1021,494,0.51,26.7,93.38
VEH-1021,513,0.51,26.7,93.34
VEH-1021,532,0.51,26.7,93.93
VEH-1021,551,0.51,26.7,93.27
VEH-1021,570,0.51,26.7,93.19
VEH-1021,589,0.51,26.7,92.27
VEH-1021,608,0.51,26.7,92.03
VEH-1021,627,0.51,26.7,92.33
VEH-1021,646,0.51,26.7,91.95
VEH-1021,665,0.51,26.7,91.87
VEH-1021,684,0.51,26.7,91.36
VEH-1021,703,0.51,26.7,91.27
VEH-1021,722,0.51,26.7,90.98
VEH-1021,741,0.51,26.7,90.95
VEH-1021,760,0.51,26.7,90.71
VEH-1021,779,0.51,26.7,89.61
VEH-1021,798,0.51,26.7,89.13
VEH-1021,817,0.51,26.7,90.02
VEH-1021,836,0.51,26.7,89.83
VEH-1021,855,0.51,26.7,88.81
VEH-1021,874,0.51,26.7,88.26
VEH-1021,893,0.51,26.7,88.69
VEH-1021,912,0.51,26.7,88.73
VEH-1021,931,0.51,26.7,88.78
VEH-1021,950,0.51,26.7,88.08
VEH-1021,969,0.51,26.7,87.51
VEH-1021,988,0.51,26.7,87.08
VEH-1021,1007,0.51,26.7,87.14
VEH-1021,1026,0.51,26.7,86.77
VEH-1021,1045,0.51,26.7,86.27
VEH-1021,1064,0.51,26.7,87.08
VEH-1021,1083,0.51,26.7,86.74
VEH-1021,1102,0.51,26.7,86.25
VEH-1021,1121,0.51,26.7,85.28
VEH-1021,1140,0.51,26.7,85.64
VEH-1021,1159,0.51,26.7,85.31
VEH-1021,1178,0.51,26.7,84.98
VEH-1022,0,0.64,37.6,100.0
VEH-1022,6,0.64,37.6,100.0
VEH-1022,12,0.64,37.6,100.0
VEH-1022,18,0.64,37.6,99.95
VEH-1022,24,0.64,37.6,99.76
VEH-1022,30,0.64,37.6,98.92
VEH-1022,36,0.64,37.6,99.47
VEH-1022,42,0.64,37.6,99.15
VEH-1022,48,0.64,37.6,98.8
VEH-1022,54,0.64,37.6,99.74
VEH-1022,60,0.64,37.6,99.65
VEH-1022,66,0.64,37.6,99.42
VEH-1022,72,0.64,37.6,98.94
VEH-1022,78,0.64,37.6,99.22
VEH-1022,84,0.64,37.6,98.65
VEH-1022,90,0.64,37.6,98.61
VEH-1022,96,0.64,37.6,98.06
VEH-1022,102,0.64,37.6,98.48
VEH-1022,108,0.64,37.6,98.25
VEH-1022,114,0.64,37.6,97.67
VEH-1022,120,0.64,37.6,98.01
VEH-1022,126,0.64,37.6,97.9
VEH-1022,132,0.64,37.6,98.45
VEH-1022,138,0.64,37.6,98.03
VEH-1022,144,0.64,37.6,97.61
VEH-1022,150,0.64,37.6,97.59
VEH-1022,156,0.64,37.6,97.42
VEH-1022,162,0.64,37.6,97.23
VEH-1022,168,0.64,37.6,96.81
VEH-1022,174,0.64,37.6,97.03
VEH-1022,180,0.64,37.6,96.72
VEH-1022,186,0.64,37.6,96.44
VEH-1022,192,0.64,37.6,96.95
VEH-1022,198,0.64,37.6,96.8
VEH-1022,204,0.64,37.6,95.93
VEH-1022,210,0.64,37.6,96.41
VEH-1022,216,0.64,37.6,96.69
VEH-1022,222,0.64,37.6,96.61
VEH-1022,228,0.64,37.6,96.49
VEH-1022,234,0.64,37.6,96.04
VEH-1022,240,0.64,37.6,95.62
VEH-1022,246,0.64,37.6,95.43
VEH-1022,252,0.64,37.6,95.82
VEH-1022,258,0.64,37.6,95.73
VEH-1022,264,0.64,37.6,95.94
VEH-1022,270,0.64,37.6,95.76
VEH-1022,276,0.64,37.6,95.22
VEH-1022,282,0.64,37.6,94.73
VEH-1022,288,0.64,37.6,94.94
VEH-1022,294,0.64,37.6,95.02
VEH-1022,300,0.64,37.6,94.77
VEH-1022,306,0.64,37.6,94.53
VEH-1022,312,0.64,37.6,94.71
VEH-1022,318,0.64,37.6,94.33
VEH-1022,324,0.64,37.6,94.18
VEH-1022,330,0.64,37.6,94.4
VEH-1022,336,0.64,37.6,94.04
VEH-1022,342,0.64,37.6,94.16
VEH-1022,348,0.64,37.6,94.06
VEH-1022,354,0.64,37.6,93.46
VEH-1022,360,0.64,37.6,93.58
VEH-1022,366,0.64,37.6,94.14
VEH-1022,372,0.64,37.6,93.12
VEH-1022,378,0.64,37.6,92.68
VEH-1022,384,0.64,37.6,92.66
VEH-1022,390,0.64,37.6,93.21
VEH-1022,396,0.64,37.6,93.1
VEH-1022,402,0.64,37.6,92.94
VEH-1023,0,0.6,34.7,100.0
VEH-1023,8,0.6,34.7,98.96
VEH-1023,16,0.6,34.7,99.92
VEH-1023,24,0.6,34.7,100.0
VEH-1023,32,0.6,34.7,99.16
VEH-1023,40,0.6,34.7,99.3
VEH-1023,48,0.6,34.7,99.05
VEH-1023,56,0.6,34.7,98.88
VEH-1023,64,0.6,34.7,98.96
VEH-1023,72,0.6,34.7,99.45
VEH-1023,80,0.6,34.7,99.48
VEH-1023,88,0.6,34.7,98.59
VEH-1023,96,0.6,34.7,99.25
VEH-1023,104,0.6,34.7,98.47
VEH-1023,112,0.6,34.7,98.95
VEH-1023,120,0.6,34.7,98.18
VEH-1023,128,0.6,34.7,98.13
VEH-1023,136,0.6,34.7,98.09
VEH-1023,144,0.6,34.7,98.95
VEH-1023,152,0.6,34.7,98.01
VEH-1023,160,0.6,34.7,97.33
VEH-1023,168,0.6,34.7,97.79
VEH-1023,176,0.6,34.7,97.2
VEH-1023,184,0.6,34.7,97.03
VEH-1023,192,0.6,34.7,97.39
VEH-1023,200,0.6,34.7,96.96
VEH-1023,208,0.6,34.7,96.91
VEH-1023,216,0.6,34.7,96.69
VEH-1023,224,0.6,34.7,96.68
VEH-1023,232,0.6,34.7,96.58
VEH-1023,240,0.6,34.7,95.62
VEH-1023,248,0.6,34.7,96.4
VEH-1023,256,0.6,34.7,95.7
VEH-1023,264,0.6,34.7,95.41
VEH-1023,272,0.6,34.7,95.76
VEH-1023,280,0.6,34.7,95.68
VEH-1023,288,0.6,34.7,95.28
VEH-1023,296,0.6,34.7,95.68
VEH-1023,304,0.6,34.7,94.79
VEH-1023,312,0.6,34.7,94.98
VEH-1023,320,0.6,34.7,94.79
VEH-1023,328,0.6,34.7,94.85
VEH-1023,336,0.6,34.7,94.83
VEH-1023,344,0.6,34.7,94.25
VEH-1023,352,0.6,34.7,94.72
VEH-1023,360,0.6,34.7,94.36
VEH-1023,368,0.6,34.7,93.54
VEH-1023,376,0.6,34.7,93.39
VEH-1023,384,0.6,34.7,93.93
VEH-1023,392,0.6,34.7,93.73
VEH-1023,400,0.6,34.7,93.64
VEH-1023,408,0.6,34.7,93.53
VEH-1023,416,0.6,34.7,93.49
VEH-1023,424,0.6,34.7,93.61
VEH-1023,432,0.6,34.7,92.75
VEH-1023,440,0.6,34.7,92.6
VEH-1023,448,0.6,34.7,92.49
VEH-1023,456,0.6,34.7,92.84
VEH-1023,464,0.6,34.7,93.04
VEH-1023,472,0.6,34.7,92.32
VEH-1023,480,0.6,34.7,91.46
VEH-1023,488,0.6,34.7,91.61
VEH-1023,496,0.6,34.7,91.78
VEH-1023,504,0.6,34.7,91.74
VEH-1023,512,0.6,34.7,91.66
VEH-1024,0,0.49,28.4,100.0
VEH-1024,17,0.49,28.4,99.71
VEH-1024,34,0.49,28.4,99.99
VEH-1024,51,0.49,28.4,99.19
VEH-1024,68,0.49,28.4,98.92
VEH-1024,85,0.49,28.4,99.19
VEH-1024,102,0.49,28.4,98.28
VEH-1024,119,0.49,28.4,98.74
VEH-1024,136,0.49,28.4,98.43
VEH-1024,153,0.49,28.4,98.14
VEH-1024,170,0.49,28.4,98.53
VEH-1024,187,0.49,28.4,97.54
VEH-1024,204,0.49,28.4,98.27
VEH-1024,221,0.49,28.4,97.25
VEH-1024,238,0.49,28.4,96.67
VEH-1024,255,0.49,28.4,96.93
VEH-1024,272,0.49,28.4,96.31
VEH-1024,289,0.49,28.4,96.2
VEH-1024,306,0.49,28.4,96.39
VEH-1024,323,0.49,28.4,96.22
VEH-1024,340,0.49,28.4,95.59
VEH-1024,357,0.49,28.4,95.93
VEH-1024,374,0.49,28.4,95.77
VEH-1024,391,0.49,28.4,95.65
VEH-1024,408,0.49,28.4,95.11
VEH-1024,425,0.49,28.4,95.18
VEH-1024,442,0.49,28.4,93.82
VEH-1024,459,0.49,28.4,94.14
VEH-1024,476,0.49,28.4,93.73
VEH-1024,493,0.49,28.4,93.85
VEH-1024,510,0.49,28.4,93.38
VEH-1024,527,0.49,28.4,93.3
VEH-1024,544,0.49,28.4,93.79
VEH-1024,561,0.49,28.4,92.85
VEH-1024,578,0.49,28.4,92.83
VEH-1024,595,0.49,28.4,92.37
VEH-1024,612,0.49,28.4,92.26
VEH-1024,629,0.49,28.4,92.0
VEH-1024,646,0.49,28.4,91.93
VEH-1024,663,0.49,28.4,91.96
VEH-1024,680,0.49,28.4,91.9
VEH-1024,697,0.49,28.4,91.2
VEH-1024,714,0.49,28.4,91.07
VEH-1024,731,0.49,28.4,90.23
VEH-1024,748,0.49,28.4,90.38
VEH-1024,765,0.49,28.4,90.51
VEH-1024,782,0.49,28.4,90.25
VEH-1024,799,0.49,28.4,89.79
VEH-1024,816,0.49,28.4,89.8
VEH-1024,833,0.49,28.4,89.43
VEH-1024,850,0.49,28.4,89.45
VEH-1024,867,0.49,28.4,88.9
VEH-1024,884,0.49,28.4,88.44
VEH-1024,901,0.49,28.4,88.45
VEH-1024,918,0.49,28.4,87.08
VEH-1024,935,0.49,28.4,88.01
VEH-1024,952,0.49,28.4,86.36
VEH-1024,969,0.49,28.4,86.81
VEH-1024,986,0.49,28.4,87.34
VEH-1024,1003,0.49,28.4,87.11
VEH-1024,1020,0.49,28.4,86.31
VEH-1024,1037,0.49,28.4,86.23
VEH-1025,0,0.75,23.8,100.0
VEH-1025,19,0.75,23.8,99.6
VEH-1025,38,0.75,23.8,100.0
VEH-1025,57,0.75,23.8,99.27
VEH-1025,76,0.75,23.8,99.16
VEH-1025,95,0.75,23.8,99.32
VEH-1025,114,0.75,23.8,98.54
VEH-1025,133,0.75,23.8,97.88
VEH-1025,152,0.75,23.8,97.93
VEH-1025,171,0.75,23.8,97.69
VEH-1025,190,0.75,23.8,96.95
VEH-1025,209,0.75,23.8,97.07
VEH-1025,228,0.75,23.8,96.63
VEH-1025,247,0.75,23.8,96.94
VEH-1025,266,0.75,23.8,96.35
VEH-1025,285,0.75,23.8,95.97
VEH-1025,304,0.75,23.8,95.75
VEH-1025,323,0.75,23.8,95.59
VEH-1025,342,0.75,23.8,95.45
VEH-1025,361,0.75,23.8,94.61
VEH-1025,380,0.75,23.8,94.31
VEH-1025,399,0.75,23.8,94.78
VEH-1025,418,0.75,23.8,93.97
VEH-1025,437,0.75,23.8,93.34
VEH-1025,456,0.75,23.8,93.71
VEH-1025,475,0.75,23.8,93.44
VEH-1025,494,0.75,23.8,92.45
VEH-1025,513,0.75,23.8,92.79
VEH-1025,532,0.75,23.8,92.68
VEH-1025,551,0.75,23.8,92.27
VEH-1025,570,0.75,23.8,92.07
VEH-1025,589,0.75,23.8,91.08
VEH-1025,608,0.75,23.8,91.4
VEH-1025,627,0.75,23.8,90.89
VEH-1025,646,0.75,23.8,90.54
VEH-1025,665,0.75,23.8,90.73
VEH-1025,684,0.75,23.8,90.65
VEH-1025,703,0.75,23.8,90.47
VEH-1025,722,0.75,23.8,90.02
VEH-1025,741,0.75,23.8,89.23
VEH-1025,760,0.75,23.8,89.1
VEH-1025,779,0.75,23.8,88.96
VEH-1025,798,0.75,23.8,88.44
VEH-1025,817,0.75,23.8,88.16
VEH-1025,836,0.75,23.8,88.11
VEH-1025,855,0.75,23.8,87.51
VEH-1025,874,0.75,23.8,86.98
VEH-1025,893,0.75,23.8,86.8
VEH-1025,912,0.75,23.8,86.88
VEH-1025,931,0.75,23.8,86.36
VEH-1025,950,0.75,23.8,86.19
VEH-1025,969,0.75,23.8,86.01
VEH-1025,988,0.75,23.8,85.35
VEH-1025,1007,0.75,23.8,85.46
VEH-1025,1026,0.75,23.8,85.03
VEH-1025,1045,0.75,23.8,84.17
VEH-1025,1064,0.75,23.8,84.82
VEH-1025,1083,0.75,23.8,83.84
VEH-1025,1102,0.75,23.8,83.14
VEH-1025,1121,0.75,23.8,83.06
VEH-1025,1140,0.75,23.8,82.78
VEH-1026,0,0.48,30.2,100.0
VEH-1026,8,0.48,30.2,99.82
VEH-1026,16,0.48,30.2,99.71
VEH-1026,24,0.48,30.2,99.95
VEH-1026,32,0.48,30.2,99.76
VEH-1026,40,0.48,30.2,99.65
VEH-1026,48,0.48,30.2,99.59
VEH-1026,56,0.48,30.2,99.57
VEH-1026,64,0.48,30.2,98.51
VEH-1026,72,0.48,30.2,99.03
VEH-1026,80,0.48,30.2,98.29
VEH-1026,88,0.48,30.2,98.97
VEH-1026,96,0.48,30.2,98.85
VEH-1026,104,0.48,30.2,99.12
VEH-1026,112,0.48,30.2,99.07
VEH-1026,120,0.48,30.2,98.62
VEH-1026,128,0.48,30.2,98.28
VEH-1026,136,0.48,30.2,98.52
VEH-1026,144,0.48,30.2,98.06
VEH-1026,152,0.48,30.2,98.14
VEH-1026,160,0.48,30.2,98.39
VEH-1026,168,0.48,30.2,97.74
VEH-1026,176,0.48,30.2,98.12
VEH-1026,184,0.48,30.2,97.97
VEH-1026,192,0.48,30.2,97.29
VEH-1026,200,0.48,30.2,97.87
VEH-1026,208,0.48,30.2,97.67
VEH-1026,216,0.48,30.2,97.35
VEH-1026,224,0.48,30.2,96.95
VEH-1026,232,0.48,30.2,96.81
VEH-1026,240,0.48,30.2,96.81
VEH-1026,248,0.48,30.2,97.09
VEH-1026,256,0.48,30.2,96.46
VEH-1026,264,0.48,30.2,96.84
VEH-1026,272,0.48,30.2,96.15
VEH-1026,280,0.48,30.2,96.4
VEH-1026,288,0.48,30.2,96.41
VEH-1026,296,0.48,30.2,97.12
VEH-1026,304,0.48,30.2,95.68
VEH-1026,312,0.48,30.2,96.57
VEH-1026,320,0.48,30.2,96.0
VEH-1026,328,0.48,30.2,95.98
VEH-1026,336,0.48,30.2,95.77
VEH-1026,344,0.48,30.2,95.78
VEH-1026,352,0.48,30.2,95.46
VEH-1026,360,0.48,30.2,95.92
VEH-1026,368,0.48,30.2,95.14
VEH-1026,376,0.48,30.2,95.59
VEH-1026,384,0.48,30.2,94.86
VEH-1026,392,0.48,30.2,94.96
VEH-1026,400,0.48,30.2,94.5
VEH-1026,408,0.48,30.2,94.93
VEH-1026,416,0.48,30.2,95.17
VEH-1026,424,0.48,30.2,94.52
VEH-1026,432,0.48,30.2,94.37
VEH-1026,440,0.48,30.2,93.95
VEH-1026,448,0.48,30.2,94.15
VEH-1026,456,0.48,30.2,93.56
VEH-1026,464,0.48,30.2,93.69
VEH-1026,472,0.48,30.2,93.98
VEH-1026,480,0.48,30.2,94.25
VEH-1026,488,0.48,30.2,94.67
VEH-1026,496,0.48,30.2,93.37
VEH-1026,504,0.48,30.2,93.97
VEH-1026,512,0.48,30.2,93.44
VEH-1026,520,0.48,30.2,93.2
VEH-1026,528,0.48,30.2,93.29
VEH-1027,0,0.54,26.8,100.0
VEH-1027,6,0.54,26.8,99.98
VEH-1027,12,0.54,26.8,99.73
VEH-1027,18,0.54,26.8,99.32
VEH-1027,24,0.54,26.8,99.2
VEH-1027,30,0.54,26.8,99.9
VEH-1027,36,0.54,26.8,99.5
VEH-1027,42,0.54,26.8,99.32
VEH-1027,48,0.54,26.8,99.46
VEH-1027,54,0.54,26.8,99.66
VEH-1027,60,0.54,26.8,99.38
VEH-1027,66,0.54,26.8,99.01
VEH-1027,72,0.54,26.8,99.6
VEH-1027,78,0.54,26.8,99.65
VEH-1027,84,0.54,26.8,99.2
VEH-1027,90,0.54,26.8,99.29
VEH-1027,96,0.54,26.8,99.31
VEH-1027,102,0.54,26.8,99.2
VEH-1027,108,0.54,26.8,98.94
VEH-1027,114,0.54,26.8,98.86
VEH-1027,120,0.54,26.8,98.76
VEH-1027,126,0.54,26.8,98.12
VEH-1027,132,0.54,26.8,98.67
VEH-1027,138,0.54,26.8,97.88
VEH-1027,144,0.54,26.8,98.0
VEH-1027,150,0.54,26.8,98.66
VEH-1027,156,0.54,26.8,98.42
VEH-1027,162,0.54,26.8,98.57
VEH-1027,168,0.54,26.8,97.88
VEH-1027,174,0.54,26.8,97.5
VEH-1027,180,0.54,26.8,97.74
VEH-1027,186,0.54,26.8,97.78
VEH-1027,192,0.54,26.8,97.7
VEH-1027,198,0.54,26.8,97.99
VEH-1027,204,0.54,26.8,97.39
VEH-1027,210,0.54,26.8,97.57
VEH-1027,216,0.54,26.8,97.02
VEH-1027,222,0.54,26.8,97.45
VEH-1027,228,0.54,26.8,97.21
VEH-1027,234,0.54,26.8,96.87
VEH-1027,240,0.54,26.8,96.98
VEH-1027,246,0.54,26.8,96.92
VEH-1027,252,0.54,26.8,96.81
VEH-1027,258,0.54,26.8,97.45
VEH-1027,264,0.54,26.8,96.71
VEH-1027,270,0.54,26.8,96.59
VEH-1027,276,0.54,26.8,95.86
VEH-1027,282,0.54,26.8,96.2
VEH-1027,288,0.54,26.8,96.35
VEH-1027,294,0.54,26.8,96.12
VEH-1027,300,0.54,26.8,96.76
VEH-1027,306,0.54,26.8,96.15
VEH-1027,312,0.54,26.8,96.58
VEH-1027,318,0.54,26.8,96.07
VEH-1027,324,0.54,26.8,95.98
VEH-1027,330,0.54,26.8,95.86
VEH-1027,336,0.54,26.8,95.81
VEH-1027,342,0.54,26.8,96.33
VEH-1027,348,0.54,26.8,94.84
VEH-1027,354,0.54,26.8,94.87
VEH-1027,360,0.54,26.8,95.31
VEH-1027,366,0.54,26.8,95.42
VEH-1027,372,0.54,26.8,95.58
VEH-1027,378,0.54,26.8,95.43
VEH-1027,384,0.54,26.8,95.05
VEH-1027,390,0.54,26.8,95.46
VEH-1027,396,0.54,26.8,95.38
VEH-1028,0,0.65,29.1,100.0
VEH-1028,9,0.65,29.1,100.0
VEH-1028,18,0.65,29.1,99.87
VEH-1028,27,0.65,29.1,99.46
VEH-1028,36,0.65,29.1,99.78
VEH-1028,45,0.65,29.1,99.45
VEH-1028,54,0.65,29.1,99.29
VEH-1028,63,0.65,29.1,99.68
VEH-1028,72,0.65,29.1,98.18
VEH-1028,81,0.65,29.1,98.41
VEH-1028,90,0.65,29.1,98.37
VEH-1028,99,0.65,29.1,98.53
VEH-1028,108,0.65,29.1,98.44
VEH-1028,117,0.65,29.1,97.87
VEH-1028,126,0.65,29.1,97.92
VEH-1028,135,0.65,29.1,97.83
VEH-1028,144,0.65,29.1,98.87
VEH-1028,153,0.65,29.1,98.51
VEH-1028,162,0.65,29.1,97.6
VEH-1028,171,0.65,29.1,97.48
VEH-1028,180,0.65,29.1,97.08
VEH-1028,189,0.65,29.1,96.68
VEH-1028,198,0.65,29.1,97.17
VEH-1028,207,0.65,29.1,96.73
VEH-1028,216,0.65,29.1,96.92
VEH-1028,225,0.65,29.1,96.25
VEH-1028,234,0.65,29.1,96.41
VEH-1028,243,0.65,29.1,96.6
VEH-1028,252,0.65,29.1,96.54
VEH-1028,261,0.65,29.1,96.42
VEH-1028,270,0.65,29.1,95.68
VEH-1028,279,0.65,29.1,96.3
VEH-1028,288,0.65,29.1,95.59
VEH-1028,297,0.65,29.1,95.96
VEH-1028,306,0.65,29.1,95.6
VEH-1028,315,0.65,29.1,94.98
VEH-1028,324,0.65,29.1,95.22
VEH-1028,333,0.65,29.1,95.32
VEH-1028,342,0.65,29.1,95.27
VEH-1028,351,0.65,29.1,94.87
VEH-1028,360,0.65,29.1,95.32
VEH-1028,369,0.65,29.1,95.0
VEH-1028,378,0.65,29.1,94.42
VEH-1028,387,0.65,29.1,94.63
VEH-1028,396,0.65,29.1,94.91
VEH-1028,405,0.65,29.1,94.78
VEH-1028,414,0.65,29.1,93.53
VEH-1028,423,0.65,29.1,93.49
VEH-1028,432,0.65,29.1,94.2
VEH-1028,441,0.65,29.1,93.17
VEH-1028,450,0.65,29.1,92.94
VEH-1028,459,0.65,29.1,93.09
VEH-1028,468,0.65,29.1,93.27
VEH-1028,477,0.65,29.1,92.95
VEH-1028,486,0.65,29.1,92.62
VEH-1028,495,0.65,29.1,92.47
VEH-1028,504,0.65,29.1,92.32
VEH-1028,513,0.65,29.1,92.12
VEH-1028,522,0.65,29.1,93.09
VEH-1028,531,0.65,29.1,92.25
VEH-1028,540,0.65,29.1,92.32
VEH-1028,549,0.65,29.1,91.7
VEH-1029,0,0.52,27.9,99.93
VEH-1029,5,0.52,27.9,99.7
VEH-1029,10,0.52,27.9,98.97
VEH-1029,15,0.52,27.9,99.36
VEH-1029,20,0.52,27.9,99.15
VEH-1029,25,0.52,27.9,98.94
VEH-1029,30,0.52,27.9,99.25
VEH-1029,35,0.52,27.9,100.0
VEH-1029,40,0.52,27.9,99.53
VEH-1029,45,0.52,27.9,99.94
VEH-1029,50,0.52,27.9,99.57
VEH-1029,55,0.52,27.9,99.64
VEH-1029,60,0.52,27.9,98.99
VEH-1029,65,0.52,27.9,99.43
VEH-1029,70,0.52,27.9,99.44
VEH-1029,75,0.52,27.9,98.93
VEH-1029,80,0.52,27.9,99.26
VEH-1029,85,0.52,27.9,99.2
VEH-1029,90,0.52,27.9,98.75
VEH-1029,95,0.52,27.9,98.49
VEH-1029,100,0.52,27.9,98.41
VEH-1029,105,0.52,27.9,98.79
VEH-1029,110,0.52,27.9,98.81
VEH-1029,115,0.52,27.9,98.36
VEH-1029,120,0.52,27.9,98.58
VEH-1029,125,0.52,27.9,98.71
VEH-1029,130,0.52,27.9,98.66
VEH-1029,135,0.52,27.9,98.93
VEH-1029,140,0.52,27.9,98.77
VEH-1029,145,0.52,27.9,97.91
VEH-1029,150,0.52,27.9,98.78
VEH-1029,155,0.52,27.9,97.94
VEH-1029,160,0.52,27.9,98.43
VEH-1029,165,0.52,27.9,98.03
VEH-1029,170,0.52,27.9,97.8
VEH-1029,175,0.52,27.9,97.24
VEH-1029,180,0.52,27.9,97.75
VEH-1029,185,0.52,27.9,97.2
VEH-1029,190,0.52,27.9,98.02
VEH-1029,195,0.52,27.9,98.15
VEH-1029,200,0.52,27.9,97.28
VEH-1029,205,0.52,27.9,97.6
VEH-1029,210,0.52,27.9,97.17
VEH-1029,215,0.52,27.9,97.14
VEH-1029,220,0.52,27.9,97.57
VEH-1029,225,0.52,27.9,97.22
VEH-1029,230,0.52,27.9,97.78
VEH-1029,235,0.52,27.9,96.94
VEH-1029,240,0.52,27.9,97.39
VEH-1029,245,0.52,27.9,97.01
VEH-1029,250,0.52,27.9,97.19
VEH-1029,255,0.52,27.9,96.69
VEH-1029,260,0.52,27.9,96.76
VEH-1029,265,0.52,27.9,96.68
VEH-1029,270,0.52,27.9,96.36
VEH-1029,275,0.52,27.9,96.82
VEH-1029,280,0.52,27.9,96.75
VEH-1029,285,0.52,27.9,96.66
VEH-1029,290,0.52,27.9,96.93
VEH-1029,295,0.52,27.9,96.83
VEH-1029,300,0.52,27.9,96.13
VEH-1029,305,0.52,27.9,96.32
VEH-1029,310,0.52,27.9,95.91
VEH-1029,315,0.52,27.9,96.07
VEH-1029,320,0.52,27.9,95.79
VEH-1030,0,0.83,23.2,100.0
VEH-1030,7,0.83,23.2,100.0
VEH-1030,14,0.83,23.2,99.75
VEH-1030,21,0.83,23.2,100.0
VEH-1030,28,0.83,23.2,98.88
VEH-1030,35,0.83,23.2,98.84
VEH-1030,42,0.83,23.2,99.73
VEH-1030,49,0.83,23.2,99.37
VEH-1030,56,0.83,23.2,99.34
VEH-1030,63,0.83,23.2,98.69
VEH-1030,70,0.83,23.2,99.05
VEH-1030,77,0.83,23.2,99.66
VEH-1030,84,0.83,23.2,99.15
VEH-1030,91,0.83,23.2,98.82
VEH-1030,98,0.83,23.2,98.5
VEH-1030,105,0.83,23.2,98.42
VEH-1030,112,0.83,23.2,97.71
VEH-1030,119,0.83,23.2,98.44
VEH-1030,126,0.83,23.2,98.55
VEH-1030,133,0.83,23.2,97.6
VEH-1030,140,0.83,23.2,97.81
VEH-1030,147,0.83,23.2,97.54
VEH-1030,154,0.83,23.2,97.5
VEH-1030,161,0.83,23.2,97.76
VEH-1030,168,0.83,23.2,96.9
VEH-1030,175,0.83,23.2,97.74
VEH-1030,182,0.83,23.2,97.69
VEH-1030,189,0.83,23.2,97.23
VEH-1030,196,0.83,23.2,96.35
VEH-1030,203,0.83,23.2,96.76
VEH-1030,210,0.83,23.2,97.44
VEH-1030,217,0.83,23.2,95.93
VEH-1030,224,0.83,23.2,96.68
VEH-1030,231,0.83,23.2,96.28
VEH-1030,238,0.83,23.2,96.87
VEH-1030,245,0.83,23.2,96.25
VEH-1030,252,0.83,23.2,96.52
VEH-1030,259,0.83,23.2,96.47
VEH-1030,266,0.83,23.2,96.81
VEH-1030,273,0.83,23.2,95.99
VEH-1030,280,0.83,23.2,96.09
VEH-1030,287,0.83,23.2,95.33
VEH-1030,294,0.83,23.2,96.16
VEH-1030,301,0.83,23.2,95.37
VEH-1030,308,0.83,23.2,95.33
VEH-1030,315,0.83,23.2,95.41
VEH-1030,322,0.83,23.2,94.77
VEH-1030,329,0.83,23.2,95.29
VEH-1030,336,0.83,23.2,95.44
VEH-1030,343,0.83,23.2,95.1
VEH-1030,350,0.83,23.2,94.33
VEH-1030,357,0.83,23.2,94.73
VEH-1030,364,0.83,23.2,94.93
VEH-1030,371,0.83,23.2,93.91
VEH-1030,378,0.83,23.2,94.08
VEH-1030,385,0.83,23.2,94.65
VEH-1030,392,0.83,23.2,94.33
VEH-1030,399,0.83,23.2,94.28
VEH-1030,406,0.83,23.2,94.67
VEH-1030,413,0.83,23.2,94.08
VEH-1030,420,0.83,23.2,94.04
VEH-1030,427,0.83,23.2,94.65
VEH-1030,434,0.83,23.2,93.51
VEH-1030,441,0.83,23.2,93.2
VEH-1030,448,0.83,23.2,93.52
VEH-1030,455,0.83,23.2,93.42
VEH-1030,462,0.83,23.2,92.97
VEH-1030,469,0.83,23.2,92.68
VEH-1031,0,0.47,24.4,100.0
VEH-1031,6,0.47,24.4,100.0
VEH-1031,12,0.47,24.4,99.63
VEH-1031,18,0.47,24.4,100.0
VEH-1031,24,0.47,24.4,99.73
VEH-1031,30,0.47,24.4,99.62
VEH-1031,36,0.47,24.4,99.84
VEH-1031,42,0.47,24.4,99.13
VEH-1031,48,0.47,24.4,99.64
VEH-1031,54,0.47,24.4,100.0
VEH-1031,60,0.47,24.4,99.55
VEH-1031,66,0.47,24.4,99.2
VEH-1031,72,0.47,24.4,99.09
VEH-1031,78,0.47,24.4,99.05
VEH-1031,84,0.47,24.4,99.04
VEH-1031,90,0.47,24.4,98.94
VEH-1031,96,0.47,24.4,99.32
VEH-1031,102,0.47,24.4,98.33
VEH-1031,108,0.47,24.4,99.17
VEH-1031,114,0.47,24.4,98.67
VEH-1031,120,0.47,24.4,98.87
VEH-1031,126,0.47,24.4,98.28
VEH-1031,132,0.47,24.4,99.07
VEH-1031,138,0.47,24.4,98.98
VEH-1031,144,0.47,24.4,98.81
VEH-1031,150,0.47,24.4,97.88
VEH-1031,156,0.47,24.4,98.63
VEH-1031,162,0.47,24.4,98.41
VEH-1031,168,0.47,24.4,97.64
VEH-1031,174,0.47,24.4,98.13
VEH-1031,180,0.47,24.4,98.2
VEH-1031,186,0.47,24.4,98.2
VEH-1031,192,0.47,24.4,98.0
VEH-1031,198,0.47,24.4,97.97
VEH-1031,204,0.47,24.4,98.32
VEH-1031,210,0.47,24.4,98.16
VEH-1031,216,0.47,24.4,96.66
VEH-1031,222,0.47,24.4,97.48
VEH-1031,228,0.47,24.4,97.47
VEH-1031,234,0.47,24.4,96.85
VEH-1031,240,0.47,24.4,97.42
VEH-1031,246,0.47,24.4,97.76
VEH-1031,252,0.47,24.4,96.87
VEH-1031,258,0.47,24.4,97.3
VEH-1031,264,0.47,24.4,96.8
VEH-1031,270,0.47,24.4,96.81
VEH-1031,276,0.47,24.4,97.5
VEH-1031,282,0.47,24.4,96.72
VEH-1031,288,0.47,24.4,97.0
VEH-1031,294,0.47,24.4,96.12
VEH-1031,300,0.47,24.4,97.35
VEH-1031,306,0.47,24.4,96.84
VEH-1031,312,0.47,24.4,96.5
VEH-1031,318,0.47,24.4,96.69
VEH-1031,324,0.47,24.4,95.93
VEH-1031,330,0.47,24.4,96.77
VEH-1031,336,0.47,24.4,96.17
VEH-1031,342,0.47,24.4,96.14
VEH-1031,348,0.47,24.4,95.97
VEH-1031,354,0.47,24.4,95.87
VEH-1031,360,0.47,24.4,96.25
VEH-1031,366,0.47,24.4,96.03
VEH-1031,372,0.47,24.4,96.09
VEH-1031,378,0.47,24.4,95.79
VEH-1031,384,0.47,24.4,95.91
VEH-1032,0,0.61,36.2,99.85
VEH-1032,25,0.61,36.2,100.0
VEH-1032,50,0.61,36.2,98.71
VEH-1032,75,0.61,36.2,99.3
VEH-1032,100,0.61,36.2,98.94
VEH-1032,125,0.61,36.2,97.76
VEH-1032,150,0.61,36.2,98.42
VEH-1032,175,0.61,36.2,97.58
VEH-1032,200,0.61,36.2,97.15
VEH-1032,225,0.61,36.2,96.4
VEH-1032,250,0.61,36.2,95.9
VEH-1032,275,0.61,36.2,95.47
VEH-1032,300,0.61,36.2,95.26
VEH-1032,325,0.61,36.2,95.18
VEH-1032,350,0.61,36.2,94.33
VEH-1032,375,0.61,36.2,93.51
VEH-1032,400,0.61,36.2,93.69
VEH-1032,425,0.61,36.2,93.29
VEH-1032,450,0.61,36.2,92.76
VEH-1032,475,0.61,36.2,92.36
VEH-1032,500,0.61,36.2,91.56
VEH-1032,525,0.61,36.2,90.9
VEH-1032,550,0.61,36.2,90.48
VEH-1032,575,0.61,36.2,89.77
VEH-1032,600,0.61,36.2,89.98
VEH-1032,625,0.61,36.2,89.43
VEH-1032,650,0.61,36.2,88.86
VEH-1032,675,0.61,36.2,87.53
VEH-1032,700,0.61,36.2,87.69
VEH-1032,725,0.61,36.2,88.07
VEH-1032,750,0.61,36.2,87.0
VEH-1032,775,0.61,36.2,86.91
VEH-1032,800,0.61,36.2,85.85
VEH-1032,825,0.61,36.2,86.39
VEH-1032,850,0.61,36.2,85.39
VEH-1032,875,0.61,36.2,85.09
VEH-1032,900,0.61,36.2,85.35
VEH-1032,925,0.61,36.2,84.62
VEH-1032,950,0.61,36.2,83.53
VEH-1032,975,0.61,36.2,82.98
VEH-1032,1000,0.61,36.2,82.62
VEH-1032,1025,0.61,36.2,82.45
VEH-1032,1050,0.61,36.2,81.79
VEH-1032,1075,0.61,36.2,81.23
VEH-1032,1100,0.61,36.2,81.43
VEH-1032,1125,0.61,36.2,80.42
VEH-1032,1150,0.61,36.2,80.8
VEH-1032,1175,0.61,36.2,79.57
VEH-1032,1200,0.61,36.2,79.71
VEH-1032,1225,0.61,36.2,78.75
VEH-1032,1250,0.61,36.2,78.51
VEH-1032,1275,0.61,36.2,77.46
VEH-1032,1300,0.61,36.2,76.95
VEH-1032,1325,0.61,36.2,76.95
VEH-1032,1350,0.61,36.2,76.68
VEH-1032,1375,0.61,36.2,75.89
VEH-1032,1400,0.61,36.2,74.96
VEH-1032,1425,0.61,36.2,74.47
VEH-1032,1450,0.61,36.2,73.99
VEH-1032,1475,0.61,36.2,73.41
VEH-1032,1500,0.61,36.2,73.6
VEH-1033,0,0.71,34.6,100.0
VEH-1033,8,0.71,34.6,99.88
VEH-1033,16,0.71,34.6,98.97
VEH-1033,24,0.71,34.6,99.57
VEH-1033,32,0.71,34.6,99.46
VEH-1033,40,0.71,34.6,100.0
VEH-1033,48,0.71,34.6,98.74
VEH-1033,56,0.71,34.6,98.99
VEH-1033,64,0.71,34.6,99.59
VEH-1033,72,0.71,34.6,99.01
VEH-1033,80,0.71,34.6,98.92
VEH-1033,88,0.71,34.6,98.63
VEH-1033,96,0.71,34.6,98.57
VEH-1033,104,0.71,34.6,98.59
VEH-1033,112,0.71,34.6,97.9
VEH-1033,120,0.71,34.6,98.35
VEH-1033,128,0.71,34.6,97.43
VEH-1033,136,0.71,34.6,97.89
VEH-1033,144,0.71,34.6,97.7
VEH-1033,152,0.71,34.6,97.28
VEH-1033,160,0.71,34.6,97.35
VEH-1033,168,0.71,34.6,97.0
VEH-1033,176,0.71,34.6,96.7
VEH-1033,184,0.71,34.6,96.81
VEH-1033,192,0.71,34.6,96.41
VEH-1033,200,0.71,34.6,96.77
VEH-1033,208,0.71,34.6,96.12
VEH-1033,216,0.71,34.6,96.63
VEH-1033,224,0.71,34.6,95.82
VEH-1033,232,0.71,34.6,95.9
VEH-1033,240,0.71,34.6,95.73
VEH-1033,248,0.71,34.6,96.28
VEH-1033,256,0.71,34.6,95.78
VEH-1033,264,0.71,34.6,95.45
VEH-1033,272,0.71,34.6,95.56
VEH-1033,280,0.71,34.6,94.5
VEH-1033,288,0.71,34.6,95.08
VEH-1033,296,0.71,34.6,95.66
VEH-1033,304,0.71,34.6,94.86
VEH-1033,312,0.71,34.6,94.69
VEH-1033,320,0.71,34.6,94.72
VEH-1033,328,0.71,34.6,94.7
VEH-1033,336,0.71,34.6,93.54
VEH-1033,344,0.71,34.6,93.51
VEH-1033,352,0.71,34.6,94.02
VEH-1033,360,0.71,34.6,93.56
VEH-1033,368,0.71,34.6,94.12
VEH-1033,376,0.71,34.6,93.41
VEH-1033,384,0.71,34.6,92.69
VEH-1033,392,0.71,34.6,92.78
VEH-1033,400,0.71,34.6,92.12
VEH-1033,408,0.71,34.6,92.85
VEH-1033,416,0.71,34.6,92.72
VEH-1033,424,0.71,34.6,92.5
VEH-1033,432,0.71,34.6,92.88
VEH-1033,440,0.71,34.6,92.77
VEH-1033,448,0.71,34.6,92.15
VEH-1033,456,0.71,34.6,91.31
VEH-1033,464,0.71,34.6,92.13
VEH-1033,472,0.71,34.6,91.96
VEH-1033,480,0.71,34.6,91.73
VEH-1033,488,0.71,34.6,91.82
VEH-1033,496,0.71,34.6,90.92
VEH-1033,504,0.71,34.6,91.88
VEH-1033,512,0.71,34.6,90.7
VEH-1033,520,0.71,34.6,91.15
VEH-1033,528,0.71,34.6,90.15
VEH-1033,536,0.71,34.6,90.27
VEH-1034,0,0.46,29.4,100.0
VEH-1034,15,0.46,29.4,99.75
VEH-1034,30,0.46,29.4,99.97
VEH-1034,45,0.46,29.4,99.59
VEH-1034,60,0.46,29.4,99.29
VEH-1034,75,0.46,29.4,99.63
VEH-1034,90,0.46,29.4,98.89
VEH-1034,105,0.46,29.4,98.16
VEH-1034,120,0.46,29.4,98.32
VEH-1034,135,0.46,29.4,98.61
VEH-1034,150,0.46,29.4,98.38
VEH-1034,165,0.46,29.4,97.5
VEH-1034,180,0.46,29.4,97.61
VEH-1034,195,0.46,29.4,97.47
VEH-1034,210,0.46,29.4,97.36
VEH-1034,225,0.46,29.4,96.82
VEH-1034,240,0.46,29.4,96.89
VEH-1034,255,0.46,29.4,96.67
VEH-1034,270,0.46,29.4,97.0
VEH-1034,285,0.46,29.4,96.82
VEH-1034,300,0.46,29.4,96.3
VEH-1034,315,0.46,29.4,96.02
VEH-1034,330,0.46,29.4,96.02
VEH-1034,345,0.46,29.4,95.49
VEH-1034,360,0.46,29.4,95.18
VEH-1034,375,0.46,29.4,95.06
VEH-1034,390,0.46,29.4,94.97
VEH-1034,405,0.46,29.4,94.59
VEH-1034,420,0.46,29.4,94.86
VEH-1034,435,0.46,29.4,94.86
VEH-1034,450,0.46,29.4,93.86
VEH-1034,465,0.46,29.4,94.23
VEH-1034,480,0.46,29.4,93.94
VEH-1034,495,0.46,29.4,93.94
VEH-1034,510,0.46,29.4,93.62
VEH-1034,525,0.46,29.4,92.92
VEH-1034,540,0.46,29.4,92.79
VEH-1034,555,0.46,29.4,93.05
VEH-1034,570,0.46,29.4,93.2
VEH-1034,585,0.46,29.4,91.87
VEH-1034,600,0.46,29.4,92.56
VEH-1034,615,0.46,29.4,92.66
VEH-1034,630,0.46,29.4,91.99
VEH-1034,645,0.46,29.4,92.04
VEH-1034,660,0.46,29.4,91.4
VEH-1034,675,0.46,29.4,91.41
VEH-1034,690,0.46,29.4,90.68
VEH-1034,705,0.46,29.4,90.23
VEH-1034,720,0.46,29.4,91.18
VEH-1034,735,0.46,29.4,90.3
VEH-1034,750,0.46,29.4,90.29
VEH-1034,765,0.46,29.4,89.76
VEH-1034,780,0.46,29.4,89.55
VEH-1034,795,0.46,29.4,89.78
VEH-1034,810,0.46,29.4,89.39
VEH-1034,825,0.46,29.4,89.57
VEH-1034,840,0.46,29.4,89.4
VEH-1034,855,0.46,29.4,89.15
VEH-1034,870,0.46,29.4,88.92
VEH-1034,885,0.46,29.4,89.19
VEH-1034,900,0.46,29.4,88.06
VEH-1034,915,0.46,29.4,88.21
VEH-1034,930,0.46,29.4,88.42
VEH-1034,945,0.46,29.4,88.27
VEH-1035,0,0.84,44.6,99.5
VEH-1035,18,0.84,44.6,99.52
VEH-1035,36,0.84,44.6,99.71
VEH-1035,54,0.84,44.6,99.01
VEH-1035,72,0.84,44.6,98.49
VEH-1035,90,0.84,44.6,97.93
VEH-1035,108,0.84,44.6,97.45
VEH-1035,126,0.84,44.6,97.27
VEH-1035,144,0.84,44.6,96.65
VEH-1035,162,0.84,44.6,96.29
VEH-1035,180,0.84,44.6,95.9
VEH-1035,198,0.84,44.6,95.21
VEH-1035,216,0.84,44.6,95.19
VEH-1035,234,0.84,44.6,95.59
VEH-1035,252,0.84,44.6,93.51
VEH-1035,270,0.84,44.6,93.8
VEH-1035,288,0.84,44.6,92.98
VEH-1035,306,0.84,44.6,93.0
VEH-1035,324,0.84,44.6,92.37
VEH-1035,342,0.84,44.6,92.18
VEH-1035,360,0.84,44.6,91.87
VEH-1035,378,0.84,44.6,91.08
VEH-1035,396,0.84,44.6,90.96
VEH-1035,414,0.84,44.6,89.29
VEH-1035,432,0.84,44.6,90.22
VEH-1035,450,0.84,44.6,89.34
VEH-1035,468,0.84,44.6,89.13
VEH-1035,486,0.84,44.6,87.87
VEH-1035,504,0.84,44.6,87.55
VEH-1035,522,0.84,44.6,87.44
VEH-1035,540,0.84,44.6,86.93
VEH-1035,558,0.84,44.6,86.57
VEH-1035,576,0.84,44.6,86.4
VEH-1035,594,0.84,44.6,84.94
VEH-1035,612,0.84,44.6,85.44
VEH-1035,630,0.84,44.6,84.64
VEH-1035,648,0.84,44.6,84.1
VEH-1035,666,0.84,44.6,83.2
VEH-1035,684,0.84,44.6,83.43
VEH-1035,702,0.84,44.6,81.94
VEH-1035,720,0.84,44.6,82.55
VEH-1035,738,0.84,44.6,81.34
VEH-1035,756,0.84,44.6,81.41
VEH-1035,774,0.84,44.6,80.89
VEH-1035,792,0.84,44.6,80.87
VEH-1035,810,0.84,44.6,79.93
VEH-1035,828,0.84,44.6,79.29
VEH-1035,846,0.84,44.6,78.88
VEH-1035,864,0.84,44.6,79.04
VEH-1035,882,0.84,44.6,78.31
VEH-1035,900,0.84,44.6,77.52
VEH-1035,918,0.84,44.6,77.1
VEH-1035,936,0.84,44.6,76.17
VEH-1035,954,0.84,44.6,76.38
VEH-1035,972,0.84,44.6,75.16
VEH-1035,990,0.84,44.6,75.57
VEH-1035,1008,0.84,44.6,74.88
VEH-1035,1026,0.84,44.6,75.2
VEH-1035,1044,0.84,44.6,73.5
VEH-1035,1062,0.84,44.6,73.38
VEH-1035,1080,0.84,44.6,73.57
VEH-1035,1098,0.84,44.6,72.88
VEH-1035,1116,0.84,44.6,71.75
VEH-1036,0,0.59,18.3,100.0
VEH-1036,15,0.59,18.3,99.86
VEH-1036,30,0.59,18.3,99.81
VEH-1036,45,0.59,18.3,99.32
VEH-1036,60,0.59,18.3,99.37
VEH-1036,75,0.59,18.3,98.69
VEH-1036,90,0.59,18.3,99.14
VEH-1036,105,0.59,18.3,99.09
VEH-1036,120,0.59,18.3,98.69
VEH-1036,135,0.59,18.3,98.04
VEH-1036,150,0.59,18.3,98.79
VEH-1036,165,0.59,18.3,98.41
VEH-1036,180,0.59,18.3,97.86
VEH-1036,195,0.59,18.3,97.85
VEH-1036,210,0.59,18.3,97.26
VEH-1036,225,0.59,18.3,97.26
VEH-1036,240,0.59,18.3,97.26
VEH-1036,255,0.59,18.3,97.71
VEH-1036,270,0.59,18.3,96.89
VEH-1036,285,0.59,18.3,97.17
VEH-1036,300,0.59,18.3,96.59
VEH-1036,315,0.59,18.3,96.7
VEH-1036,330,0.59,18.3,96.39
VEH-1036,345,0.59,18.3,96.58
VEH-1036,360,0.59,18.3,95.91
VEH-1036,375,0.59,18.3,95.38
VEH-1036,390,0.59,18.3,95.27
VEH-1036,405,0.59,18.3,95.4
VEH-1036,420,0.59,18.3,94.98
VEH-1036,435,0.59,18.3,95.39
VEH-1036,450,0.59,18.3,94.91
VEH-1036,465,0.59,18.3,95.73
VEH-1036,480,0.59,18.3,94.12
VEH-1036,495,0.59,18.3,94.62
VEH-1036,510,0.59,18.3,93.98
VEH-1036,525,0.59,18.3,94.03
VEH-1036,540,0.59,18.3,94.08
VEH-1036,555,0.59,18.3,93.04
VEH-1036,570,0.59,18.3,93.76
VEH-1036,585,0.59,18.3,94.17
VEH-1036,600,0.59,18.3,93.17
VEH-1036,615,0.59,18.3,93.25
VEH-1036,630,0.59,18.3,93.34
VEH-1036,645,0.59,18.3,92.75
VEH-1036,660,0.59,18.3,92.43
VEH-1036,675,0.59,18.3,91.66
VEH-1036,690,0.59,18.3,92.5
VEH-1036,705,0.59,18.3,92.06
VEH-1036,720,0.59,18.3,91.57
VEH-1036,735,0.59,18.3,91.79
VEH-1036,750,0.59,18.3,91.37
VEH-1036,765,0.59,18.3,91.21
VEH-1036,780,0.59,18.3,91.43
VEH-1036,795,0.59,18.3,90.57
VEH-1036,810,0.59,18.3,91.23
VEH-1036,825,0.59,18.3,90.19
VEH-1036,840,0.59,18.3,90.27
VEH-1036,855,0.59,18.3,91.0
VEH-1036,870,0.59,18.3,90.54
VEH-1036,885,0.59,18.3,90.01
VEH-1036,900,0.59,18.3,89.46
VEH-1036,915,0.59,18.3,89.43
VEH-1037,0,0.69,25.7,100.0
VEH-1037,11,0.69,25.7,99.88
VEH-1037,22,0.69,25.7,99.7
VEH-1037,33,0.69,25.7,99.58
VEH-1037,44,0.69,25.7,99.37
VEH-1037,55,0.69,25.7,98.8
VEH-1037,66,0.69,25.7,98.98
VEH-1037,77,0.69,25.7,99.33
VEH-1037,88,0.69,25.7,98.38
VEH-1037,99,0.69,25.7,98.64
VEH-1037,110,0.69,25.7,98.27
VEH-1037,121,0.69,25.7,98.45
VEH-1037,132,0.69,25.7,98.12
VEH-1037,143,0.69,25.7,98.62
VEH-1037,154,0.69,25.7,98.13
VEH-1037,165,0.69,25.7,97.34
VEH-1037,176,0.69,25.7,97.88
VEH-1037,187,0.69,25.7,97.21
VEH-1037,198,0.69,25.7,97.13
VEH-1037,209,0.69,25.7,97.28
VEH-1037,220,0.69,25.7,96.85
VEH-1037,231,0.69,25.7,97.17
VEH-1037,242,0.69,25.7,96.43
VEH-1037,253,0.69,25.7,96.33
VEH-1037,264,0.69,25.7,96.16
VEH-1037,275,0.69,25.7,96.03
VEH-1037,286,0.69,25.7,96.46
VEH-1037,297,0.69,25.7,96.13
VEH-1037,308,0.69,25.7,96.35
VEH-1037,319,0.69,25.7,96.39
VEH-1037,330,0.69,25.7,95.07
VEH-1037,341,0.69,25.7,95.3
VEH-1037,352,0.69,25.7,94.7
VEH-1037,363,0.69,25.7,94.68
VEH-1037,374,0.69,25.7,94.57
VEH-1037,385,0.69,25.7,94.26
VEH-1037,396,0.69,25.7,94.1
VEH-1037,407,0.69,25.7,94.26
VEH-1037,418,0.69,25.7,93.72
VEH-1037,429,0.69,25.7,94.28
VEH-1037,440,0.69,25.7,93.5
VEH-1037,451,0.69,25.7,94.65
VEH-1037,462,0.69,25.7,93.34
VEH-1037,473,0.69,25.7,93.36
VEH-1037,484,0.69,25.7,92.72
VEH-1037,495,0.69,25.7,93.61
VEH-1037,506,0.69,25.7,93.24
VEH-1037,517,0.69,25.7,92.79
VEH-1037,528,0.69,25.7,92.05
VEH-1037,539,0.69,25.7,92.43
VEH-1037,550,0.69,25.7,91.8
VEH-1037,561,0.69,25.7,92.54
VEH-1037,572,0.69,25.7,92.15
VEH-1037,583,0.69,25.7,91.74
VEH-1037,594,0.69,25.7,90.68
VEH-1037,605,0.69,25.7,91.03
VEH-1037,616,0.69,25.7,91.45
VEH-1037,627,0.69,25.7,91.47
VEH-1037,638,0.69,25.7,91.27
VEH-1037,649,0.69,25.7,90.16
VEH-1037,660,0.69,25.7,90.65
VEH-1037,671,0.69,25.7,90.74
VEH-1037,682,0.69,25.7,89.64
VEH-1037,693,0.69,25.7,90.05
VEH-1038,0,0.62,21.5,100.0
VEH-1038,12,0.62,21.5,99.77
VEH-1038,24,0.62,21.5,99.1
VEH-1038,36,0.62,21.5,99.5
VEH-1038,48,0.62,21.5,99.37
VEH-1038,60,0.62,21.5,99.29
VEH-1038,72,0.62,21.5,99.01
VEH-1038,84,0.62,21.5,98.91
VEH-1038,96,0.62,21.5,98.91
VEH-1038,108,0.62,21.5,98.94
VEH-1038,120,0.62,21.5,98.54
VEH-1038,132,0.62,21.5,98.36
VEH-1038,144,0.62,21.5,98.39
VEH-1038,156,0.62,21.5,97.54
VEH-1038,168,0.62,21.5,98.24
VEH-1038,180,0.62,21.5,97.92
VEH-1038,192,0.62,21.5,97.79
VEH-1038,204,0.62,21.5,97.97
VEH-1038,216,0.62,21.5,96.8
VEH-1038,228,0.62,21.5,96.65
VEH-1038,240,0.62,21.5,97.29
VEH-1038,252,0.62,21.5,97.04
VEH-1038,264,0.62,21.5,96.96
VEH-1038,276,0.62,21.5,96.59
VEH-1038,288,0.62,21.5,96.83
VEH-1038,300,0.62,21.5,96.78
VEH-1038,312,0.62,21.5,96.47
VEH-1038,324,0.62,21.5,96.06
VEH-1038,336,0.62,21.5,95.26
VEH-1038,348,0.62,21.5,96.12
VEH-1038,360,0.62,21.5,96.13
VEH-1038,372,0.62,21.5,95.78
VEH-1038,384,0.62,21.5,95.09
VEH-1038,396,0.62,21.5,95.49
VEH-1038,408,0.62,21.5,95.4
VEH-1038,420,0.62,21.5,95.49
VEH-1038,432,0.62,21.5,94.49
VEH-1038,444,0.62,21.5,94.56
VEH-1038,456,0.62,21.5,94.75
VEH-1038,468,0.62,21.5,94.36
VEH-1038,480,0.62,21.5,93.79
VEH-1038,492,0.62,21.5,94.18
VEH-1038,504,0.62,21.5,94.08
VEH-1038,516,0.62,21.5,93.76
VEH-1038,528,0.62,21.5,93.65
VEH-1038,540,0.62,21.5,93.33
VEH-1038,552,0.62,21.5,93.78
VEH-1038,564,0.62,21.5,92.8
VEH-1038,576,0.62,21.5,92.75
VEH-1038,588,0.62,21.5,92.81
VEH-1038,600,0.62,21.5,92.96
VEH-1038,612,0.62,21.5,91.97
VEH-1038,624,0.62,21.5,91.88
VEH-1038,636,0.62,21.5,91.47
VEH-1038,648,0.62,21.5,92.04
VEH-1038,660,0.62,21.5,91.49
VEH-1038,672,0.62,21.5,91.59
VEH-1038,684,0.62,21.5,91.8
VEH-1038,696,0.62,21.5,91.19
VEH-1038,708,0.62,21.5,91.34
VEH-1038,720,0.62,21.5,91.0
VEH-1038,732,0.62,21.5,91.18
VEH-1038,744,0.62,21.5,90.95
VEH-1039,0,0.47,33.5,99.76
VEH-1039,13,0.47,33.5,99.79
VEH-1039,26,0.47,33.5,100.0
VEH-1039,39,0.47,33.5,99.66
VEH-1039,52,0.47,33.5,98.87
VEH-1039,65,0.47,33.5,99.42
VEH-1039,78,0.47,33.5,98.64
VEH-1039,91,0.47,33.5,99.34
VEH-1039,104,0.47,33.5,99.03
VEH-1039,117,0.47,33.5,98.6
VEH-1039,130,0.47,33.5,98.38
VEH-1039,143,0.47,33.5,98.07
VEH-1039,156,0.47,33.5,98.21
VEH-1039,169,0.47,33.5,97.66
VEH-1039,182,0.47,33.5,97.69
VEH-1039,195,0.47,33.5,97.74
VEH-1039,208,0.47,33.5,97.05
VEH-1039,221,0.47,33.5,96.86
VEH-1039,234,0.47,33.5,96.47
VEH-1039,247,0.47,33.5,96.34
VEH-1039,260,0.47,33.5,95.89
VEH-1039,273,0.47,33.5,96.6
VEH-1039,286,0.47,33.5,96.79
VEH-1039,299,0.47,33.5,96.48
VEH-1039,312,0.47,33.5,95.22
VEH-1039,325,0.47,33.5,95.86
VEH-1039,338,0.47,33.5,95.92
VEH-1039,351,0.47,33.5,95.08
VEH-1039,364,0.47,33.5,95.09
VEH-1039,377,0.47,33.5,94.17
VEH-1039,390,0.47,33.5,94.78
VEH-1039,403,0.47,33.5,94.12
VEH-1039,416,0.47,33.5,94.38
VEH-1039,429,0.47,33.5,93.58
VEH-1039,442,0.47,33.5,94.12
VEH-1039,455,0.47,33.5,94.11
VEH-1039,468,0.47,33.5,93.29
VEH-1039,481,0.47,33.5,92.97
VEH-1039,494,0.47,33.5,92.43
VEH-1039,507,0.47,33.5,92.9
VEH-1039,520,0.47,33.5,92.6
VEH-1039,533,0.47,33.5,92.07
VEH-1039,546,0.47,33.5,92.59
VEH-1039,559,0.47,33.5,92.08
VEH-1039,572,0.47,33.5,91.67
VEH-1039,585,0.47,33.5,91.67
VEH-1039,598,0.47,33.5,92.04
VEH-1039,611,0.47,33.5,91.69
VEH-1039,624,0.47,33.5,91.24
VEH-1039,637,0.47,33.5,91.31
VEH-1039,650,0.47,33.5,90.5
VEH-1039,663,0.47,33.5,90.73
VEH-1039,676,0.47,33.5,90.58
VEH-1039,689,0.47,33.5,90.17
VEH-1039,702,0.47,33.5,90.29
VEH-1039,715,0.47,33.5,89.68
VEH-1039,728,0.47,33.5,89.94
VEH-1039,741,0.47,33.5,89.76
VEH-1039,754,0.47,33.5,88.35
VEH-1039,767,0.47,33.5,89.6
VEH-1039,780,0.47,33.5,87.92
VEH-1039,793,0.47,33.5,88.58
VEH-1039,806,0.47,33.5,88.96
VEH-1039,819,0.47,33.5,88.3
