cycle_count,avg_depth_of_discharge,avg_operating_temp_c,soh_percent
0,0.386,21.3,99.33
141,0.386,21.3,99.12
282,0.386,21.3,97.33
423,0.386,21.3,95.53
564,0.386,21.3,94.31
705,0.386,21.3,92.71
846,0.386,21.3,91.91
987,0.386,21.3,90.38
1128,0.386,21.3,88.04
1269,0.386,21.3,87.01
1410,0.386,21.3,85.34
1552,0.386,21.3,84.57
0,0.407,40.2,99.99
146,0.407,40.2,97.53
292,0.407,40.2,95.49
439,0.407,40.2,93.16
585,0.407,40.2,90.69
731,0.407,40.2,88.83
878,0.407,40.2,85.99
1024,0.407,40.2,83.27
1170,0.407,40.2,81.51
1317,0.407,40.2,78.58
1463,0.407,40.2,76.52
1610,0.407,40.2,74.01
0,0.493,43.0,100.0
151,0.493,43.0,96.9
302,0.493,43.0,94.63
453,0.493,43.0,92.21
605,0.493,43.0,88.99
756,0.493,43.0,86.85
907,0.493,43.0,83.28
1058,0.493,43.0,80.74
1210,0.493,43.0,77.73
1361,0.493,43.0,75.1
1512,0.493,43.0,71.9
1664,0.493,43.0,69.08
0,0.607,23.9,100.0
151,0.607,23.9,98.28
302,0.607,23.9,96.24
453,0.607,23.9,94.15
604,0.607,23.9,92.56
755,0.607,23.9,90.17
907,0.607,23.9,88.07
1058,0.607,23.9,86.14
1209,0.607,23.9,84.61
1360,0.607,23.9,81.44
1511,0.607,23.9,80.06
1663,0.607,23.9,76.99
0,0.689,40.0,100.0
68,0.689,40.0,98.61
136,0.689,40.0,97.54
205,0.689,40.0,96.11
273,0.689,40.0,94.59
341,0.689,40.0,93.41
410,0.689,40.0,92.19
478,0.689,40.0,90.48
546,0.689,40.0,89.08
615,0.689,40.0,87.47
683,0.689,40.0,86.67
752,0.689,40.0,85.3
0,0.692,35.8,100.0
92,0.692,35.8,98.64
184,0.692,35.8,97.01
276,0.692,35.8,95.23
369,0.692,35.8,93.39
461,0.692,35.8,92.65
553,0.692,35.8,90.01
645,0.692,35.8,88.21
738,0.692,35.8,86.84
830,0.692,35.8,85.03
922,0.692,35.8,82.7
1015,0.692,35.8,81.79
0,0.633,21.2,100.0
22,0.633,21.2,99.33
44,0.633,21.2,100.0
66,0.633,21.2,99.5
88,0.633,21.2,99.01
110,0.633,21.2,99.31
133,0.633,21.2,98.54
155,0.633,21.2,98.21
177,0.633,21.2,97.72
199,0.633,21.2,97.89
221,0.633,21.2,97.58
244,0.633,21.2,97.13
0,0.508,29.9,99.98
168,0.508,29.9,97.43
337,0.508,29.9,95.12
506,0.508,29.9,93.5
674,0.508,29.9,90.04
843,0.508,29.9,88.63
1012,0.508,29.9,85.97
1181,0.508,29.9,84.16
1349,0.508,29.9,81.08
1518,0.508,29.9,79.01
1687,0.508,29.9,76.16
1856,0.508,29.9,73.84
0,0.783,25.8,99.65
93,0.783,25.8,98.8
186,0.783,25.8,97.63
280,0.783,25.8,96.1
373,0.783,25.8,95.08
466,0.783,25.8,92.67
560,0.783,25.8,90.95
653,0.783,25.8,89.59
746,0.783,25.8,88.66
840,0.783,25.8,87.07
933,0.783,25.8,85.4
1027,0.783,25.8,83.42
0,0.788,20.4,100.0
37,0.788,20.4,100.0
75,0.788,20.4,99.2
113,0.788,20.4,98.78
150,0.788,20.4,97.91
188,0.788,20.4,96.94
226,0.788,20.4,96.84
264,0.788,20.4,96.15
301,0.788,20.4,95.51
339,0.788,20.4,96.09
377,0.788,20.4,95.06
415,0.788,20.4,94.56
0,0.594,27.8,99.99
90,0.594,27.8,99.06
181,0.594,27.8,97.58
272,0.594,27.8,96.28
363,0.594,27.8,94.63
454,0.594,27.8,93.14
544,0.594,27.8,92.45
635,0.594,27.8,91.25
726,0.594,27.8,89.45
817,0.594,27.8,88.56
908,0.594,27.8,87.25
999,0.594,27.8,85.13
0,0.485,31.9,100.0
123,0.485,31.9,98.05
246,0.485,31.9,96.85
369,0.485,31.9,95.45
493,0.485,31.9,93.62
616,0.485,31.9,91.56
739,0.485,31.9,89.66
862,0.485,31.9,87.81
986,0.485,31.9,86.38
1109,0.485,31.9,84.48
1232,0.485,31.9,82.81
1356,0.485,31.9,80.79
0,0.797,29.7,100.0
143,0.797,29.7,97.47
286,0.797,29.7,94.7
430,0.797,29.7,93.39
573,0.797,29.7,90.42
716,0.797,29.7,87.18
860,0.797,29.7,84.94
1003,0.797,29.7,82.86
1146,0.797,29.7,79.88
1290,0.797,29.7,77.14
1433,0.797,29.7,75.17
1577,0.797,29.7,71.63
0,0.506,30.5,100.0
161,0.506,30.5,98.14
323,0.506,30.5,96.09
484,0.506,30.5,93.61
646,0.506,30.5,91.42
807,0.506,30.5,88.86
969,0.506,30.5,86.63
1130,0.506,30.5,84.3
1292,0.506,30.5,81.96
1453,0.506,30.5,79.78
1615,0.506,30.5,77.29
1777,0.506,30.5,74.7
0,0.504,29.5,100.0
76,0.504,29.5,99.87
152,0.504,29.5,97.95
228,0.504,29.5,97.29
304,0.504,29.5,96.5
380,0.504,29.5,95.14
456,0.504,29.5,94.89
532,0.504,29.5,92.9
608,0.504,29.5,92.1
684,0.504,29.5,90.65
760,0.504,29.5,89.75
836,0.504,29.5,88.89
0,0.802,31.2,100.0
101,0.802,31.2,98.34
202,0.802,31.2,96.52
304,0.802,31.2,95.78
405,0.802,31.2,93.15
506,0.802,31.2,90.93
608,0.802,31.2,89.06
709,0.802,31.2,87.1
810,0.802,31.2,85.87
912,0.802,31.2,83.5
1013,0.802,31.2,81.76
1115,0.802,31.2,79.75
0,0.782,23.1,100.0
81,0.782,23.1,99.15
162,0.782,23.1,97.92
243,0.782,23.1,96.36
324,0.782,23.1,95.7
405,0.782,23.1,94.0
486,0.782,23.1,92.87
567,0.782,23.1,91.5
648,0.782,23.1,91.06
729,0.782,23.1,89.59
810,0.782,23.1,88.34
891,0.782,23.1,87.31
0,0.98,17.0,99.74
187,0.98,17.0,97.22
374,0.98,17.0,94.4
562,0.98,17.0,91.49
749,0.98,17.0,88.9
937,0.98,17.0,85.66
1124,0.98,17.0,83.28
1312,0.98,17.0,80.21
1499,0.98,17.0,77.39
1687,0.98,17.0,74.39
1874,0.98,17.0,71.41
2062,0.98,17.0,68.03
0,0.98,30.6,99.65
90,0.98,30.6,97.78
180,0.98,30.6,96.68
270,0.98,30.6,94.86
360,0.98,30.6,92.94
450,0.98,30.6,91.99
540,0.98,30.6,89.64
630,0.98,30.6,87.85
720,0.98,30.6,85.4
810,0.98,30.6,83.5
900,0.98,30.6,81.97
991,0.98,30.6,80.1
0,0.316,27.7,100.0
20,0.316,27.7,99.75
40,0.316,27.7,99.35
61,0.316,27.7,99.25
81,0.316,27.7,99.18
101,0.316,27.7,99.07
122,0.316,27.7,99.04
142,0.316,27.7,99.0
162,0.316,27.7,98.32
183,0.316,27.7,98.05
203,0.316,27.7,98.15
224,0.316,27.7,98.0
0,0.572,34.5,100.0
108,0.572,34.5,99.07
217,0.572,34.5,96.46
325,0.572,34.5,95.06
434,0.572,34.5,93.31
542,0.572,34.5,91.51
651,0.572,34.5,89.52
759,0.572,34.5,87.43
868,0.572,34.5,86.16
976,0.572,34.5,84.04
1085,0.572,34.5,82.5
1194,0.572,34.5,80.34
0,0.452,30.6,100.0
197,0.452,30.6,97.81
394,0.452,30.6,95.81
592,0.452,30.6,92.5
789,0.452,30.6,89.9
986,0.452,30.6,86.64
1184,0.452,30.6,83.82
1381,0.452,30.6,82.06
1578,0.452,30.6,78.4
1776,0.452,30.6,75.55
1973,0.452,30.6,73.09
2171,0.452,30.6,70.23
0,0.488,26.9,99.72
40,0.488,26.9,99.08
80,0.488,26.9,99.45
120,0.488,26.9,98.82
161,0.488,26.9,97.94
201,0.488,26.9,97.12
241,0.488,26.9,96.92
281,0.488,26.9,96.67
322,0.488,26.9,96.59
362,0.488,26.9,95.32
402,0.488,26.9,95.15
443,0.488,26.9,94.9
0,0.25,36.2,99.59
194,0.25,36.2,97.99
388,0.25,36.2,95.68
583,0.25,36.2,93.63
777,0.25,36.2,91.06
972,0.25,36.2,87.62
1166,0.25,36.2,85.74
1361,0.25,36.2,83.6
1555,0.25,36.2,81.02
1750,0.25,36.2,78.75
1944,0.25,36.2,76.36
2139,0.25,36.2,73.77
0,0.611,16.1,100.0
123,0.611,16.1,98.39
247,0.611,16.1,97.67
371,0.611,16.1,96.41
494,0.611,16.1,94.77
618,0.611,16.1,92.26
742,0.611,16.1,91.47
866,0.611,16.1,91.15
989,0.611,16.1,88.88
1113,0.611,16.1,86.93
1237,0.611,16.1,86.61
1361,0.611,16.1,84.72
0,0.849,30.9,100.0
183,0.849,30.9,97.01
367,0.849,30.9,93.77
551,0.849,30.9,90.88
735,0.849,30.9,86.92
919,0.849,30.9,82.48
1103,0.849,30.9,79.6
1287,0.849,30.9,76.23
1471,0.849,30.9,72.62
1655,0.849,30.9,68.38
1839,0.849,30.9,65.26
2023,0.849,30.9,61.47
0,0.98,23.7,99.89
16,0.98,23.7,99.6
33,0.98,23.7,99.21
50,0.98,23.7,98.29
66,0.98,23.7,98.85
83,0.98,23.7,98.86
100,0.98,23.7,98.29
117,0.98,23.7,98.86
133,0.98,23.7,97.93
150,0.98,23.7,98.09
167,0.98,23.7,97.45
184,0.98,23.7,97.37
0,0.7,38.6,100.0
19,0.7,38.6,99.87
38,0.7,38.6,99.49
58,0.7,38.6,98.91
77,0.7,38.6,98.81
96,0.7,38.6,99.11
116,0.7,38.6,97.86
135,0.7,38.6,97.75
154,0.7,38.6,97.69
174,0.7,38.6,97.27
193,0.7,38.6,96.51
213,0.7,38.6,95.3
0,0.743,13.5,100.0
43,0.743,13.5,99.92
87,0.743,13.5,98.79
131,0.743,13.5,98.08
175,0.743,13.5,98.23
219,0.743,13.5,97.63
262,0.743,13.5,96.98
306,0.743,13.5,96.68
350,0.743,13.5,97.11
394,0.743,13.5,95.92
438,0.743,13.5,95.48
482,0.743,13.5,94.9
0,0.916,27.7,99.28
121,0.916,27.7,97.97
242,0.916,27.7,96.21
363,0.916,27.7,93.42
484,0.916,27.7,91.5
605,0.916,27.7,89.09
726,0.916,27.7,87.61
847,0.916,27.7,85.08
968,0.916,27.7,82.76
1089,0.916,27.7,80.45
1210,0.916,27.7,77.91
1332,0.916,27.7,75.64
0,0.437,13.7,100.0
106,0.437,13.7,99.58
212,0.437,13.7,98.8
318,0.437,13.7,97.88
424,0.437,13.7,96.03
530,0.437,13.7,95.31
637,0.437,13.7,94.62
743,0.437,13.7,94.37
849,0.437,13.7,93.02
955,0.437,13.7,91.91
1061,0.437,13.7,90.39
1168,0.437,13.7,89.21
0,0.792,21.3,99.92
111,0.792,21.3,98.53
223,0.792,21.3,97.59
335,0.792,21.3,95.32
447,0.792,21.3,92.98
559,0.792,21.3,92.38
671,0.792,21.3,90.31
783,0.792,21.3,88.91
895,0.792,21.3,87.19
1007,0.792,21.3,85.44
1119,0.792,21.3,84.12
1231,0.792,21.3,81.61
0,0.557,33.8,99.44
39,0.557,33.8,99.72
79,0.557,33.8,99.31
118,0.557,33.8,98.33
158,0.557,33.8,97.06
197,0.557,33.8,97.41
237,0.557,33.8,95.97
276,0.557,33.8,96.07
316,0.557,33.8,95.03
355,0.557,33.8,94.33
395,0.557,33.8,93.96
435,0.557,33.8,93.42
0,0.534,33.1,99.84
191,0.534,33.1,97.69
382,0.534,33.1,94.61
574,0.534,33.1,91.34
765,0.534,33.1,88.32
957,0.534,33.1,85.04
1148,0.534,33.1,82.68
1340,0.534,33.1,79.39
1531,0.534,33.1,75.6
1723,0.534,33.1,73.13
1914,0.534,33.1,69.89
2106,0.534,33.1,67.61
0,0.343,18.9,100.0
180,0.343,18.9,98.24
360,0.343,18.9,96.68
540,0.343,18.9,95.48
720,0.343,18.9,92.78
900,0.343,18.9,91.25
1080,0.343,18.9,90.09
1260,0.343,18.9,89.01
1440,0.343,18.9,86.58
1620,0.343,18.9,85.02
1800,0.343,18.9,83.62
1980,0.343,18.9,82.2
0,0.546,28.9,100.0
165,0.546,28.9,97.38
331,0.546,28.9,96.02
497,0.546,28.9,92.99
662,0.546,28.9,91.04
828,0.546,28.9,88.54
994,0.546,28.9,85.88
1160,0.546,28.9,83.45
1325,0.546,28.9,81.46
1491,0.546,28.9,79.26
1657,0.546,28.9,76.39
1823,0.546,28.9,73.97
0,0.753,22.2,100.0
129,0.753,22.2,99.26
258,0.753,22.2,96.44
387,0.753,22.2,94.59
516,0.753,22.2,93.17
645,0.753,22.2,91.32
774,0.753,22.2,88.95
903,0.753,22.2,87.09
1032,0.753,22.2,85.5
1161,0.753,22.2,83.08
1290,0.753,22.2,81.28
1420,0.753,22.2,79.49
0,0.829,24.8,99.36
43,0.829,24.8,98.74
87,0.829,24.8,98.33
131,0.829,24.8,97.65
174,0.829,24.8,97.4
218,0.829,24.8,96.36
262,0.829,24.8,95.85
306,0.829,24.8,95.13
349,0.829,24.8,94.57
393,0.829,24.8,94.49
437,0.829,24.8,93.55
481,0.829,24.8,92.62
0,0.567,26.0,100.0
192,0.567,26.0,97.34
385,0.567,26.0,95.15
577,0.567,26.0,91.85
770,0.567,26.0,90.01
962,0.567,26.0,87.55
1155,0.567,26.0,84.49
1347,0.567,26.0,82.53
1540,0.567,26.0,78.85
1732,0.567,26.0,76.5
1925,0.567,26.0,73.64
2118,0.567,26.0,70.84
0,0.629,29.7,100.0
182,0.629,29.7,97.94
365,0.629,29.7,94.72
548,0.629,29.7,92.19
731,0.629,29.7,88.8
914,0.629,29.7,86.42
1096,0.629,29.7,82.98
1279,0.629,29.7,80.68
1462,0.629,29.7,78.1
1645,0.629,29.7,74.3
1828,0.629,29.7,70.57
2011,0.629,29.7,68.12
0,0.872,32.9,100.0
49,0.872,32.9,99.34
98,0.872,32.9,98.71
147,0.872,32.9,97.69
196,0.872,32.9,96.98
245,0.872,32.9,95.63
294,0.872,32.9,94.88
343,0.872,32.9,93.5
392,0.872,32.9,92.43
441,0.872,32.9,92.27
490,0.872,32.9,90.77
539,0.872,32.9,90.0
0,0.672,24.9,100.0
53,0.672,24.9,99.85
107,0.672,24.9,98.84
161,0.672,24.9,97.32
215,0.672,24.9,97.11
269,0.672,24.9,97.06
322,0.672,24.9,95.62
376,0.672,24.9,94.3
430,0.672,24.9,94.83
484,0.672,24.9,93.63
538,0.672,24.9,92.59
592,0.672,24.9,91.71
0,0.845,25.2,100.0
41,0.845,25.2,99.52
82,0.845,25.2,98.87
124,0.845,25.2,98.12
165,0.845,25.2,97.91
207,0.845,25.2,96.58
248,0.845,25.2,95.67
290,0.845,25.2,95.78
331,0.845,25.2,95.12
373,0.845,25.2,94.39
414,0.845,25.2,93.7
456,0.845,25.2,92.75
0,0.792,28.7,99.83
91,0.792,28.7,98.53
182,0.792,28.7,97.88
273,0.792,28.7,95.07
364,0.792,28.7,94.32
455,0.792,28.7,92.01
547,0.792,28.7,90.99
638,0.792,28.7,89.3
729,0.792,28.7,87.14
820,0.792,28.7,86.41
911,0.792,28.7,84.53
1003,0.792,28.7,82.3
0,0.801,39.0,100.0
112,0.801,39.0,97.86
224,0.801,39.0,96.01
337,0.801,39.0,93.75
449,0.801,39.0,91.15
561,0.801,39.0,87.99
674,0.801,39.0,85.9
786,0.801,39.0,83.5
898,0.801,39.0,80.22
1011,0.801,39.0,78.48
1123,0.801,39.0,76.58
1236,0.801,39.0,73.44
0,0.915,30.3,99.97
164,0.915,30.3,97.27
329,0.915,30.3,93.76
494,0.915,30.3,90.53
659,0.915,30.3,88.09
824,0.915,30.3,84.86
989,0.915,30.3,80.73
1154,0.915,30.3,78.09
1319,0.915,30.3,74.37
1484,0.915,30.3,71.15
1649,0.915,30.3,67.8
1814,0.915,30.3,64.58
0,0.665,38.9,100.0
184,0.665,38.9,96.46
369,0.665,38.9,94.02
553,0.665,38.9,89.86
738,0.665,38.9,86.3
922,0.665,38.9,81.81
1107,0.665,38.9,78.35
1291,0.665,38.9,75.33
1476,0.665,38.9,71.21
1660,0.665,38.9,66.65
1845,0.665,38.9,63.84
2030,0.665,38.9,59.44
0,0.904,28.4,100.0
160,0.904,28.4,97.75
320,0.904,28.4,94.18
480,0.904,28.4,91.23
640,0.904,28.4,88.53
800,0.904,28.4,85.88
960,0.904,28.4,82.09
1120,0.904,28.4,78.9
1280,0.904,28.4,76.69
1440,0.904,28.4,73.08
1600,0.904,28.4,70.03
1761,0.904,28.4,66.36
0,0.528,28.9,99.73
25,0.528,28.9,100.0
51,0.528,28.9,99.16
77,0.528,28.9,98.84
103,0.528,28.9,99.28
129,0.528,28.9,98.48
154,0.528,28.9,97.89
180,0.528,28.9,97.69
206,0.528,28.9,97.87
232,0.528,28.9,97.57
258,0.528,28.9,96.42
284,0.528,28.9,96.34
0,0.666,22.1,99.98
95,0.666,22.1,98.88
190,0.666,22.1,98.08
286,0.666,22.1,96.87
381,0.666,22.1,95.08
476,0.666,22.1,93.85
572,0.666,22.1,92.87
667,0.666,22.1,91.14
762,0.666,22.1,90.25
858,0.666,22.1,88.7
953,0.666,22.1,87.08
1049,0.666,22.1,85.75
0,0.91,27.9,99.82
63,0.91,27.9,99.11
126,0.91,27.9,98.78
190,0.91,27.9,96.47
253,0.91,27.9,95.06
317,0.91,27.9,95.03
380,0.91,27.9,93.16
444,0.91,27.9,92.28
507,0.91,27.9,90.93
571,0.91,27.9,90.05
634,0.91,27.9,88.45
698,0.91,27.9,87.53
0,0.731,21.9,99.75
47,0.731,21.9,99.32
94,0.731,21.9,98.34
142,0.731,21.9,98.06
189,0.731,21.9,97.62
236,0.731,21.9,96.81
284,0.731,21.9,96.2
331,0.731,21.9,95.64
378,0.731,21.9,94.77
426,0.731,21.9,94.57
473,0.731,21.9,94.17
521,0.731,21.9,92.83
0,0.737,27.3,100.0
13,0.737,27.3,100.0
26,0.737,27.3,99.04
39,0.737,27.3,99.64
52,0.737,27.3,99.73
65,0.737,27.3,99.03
78,0.737,27.3,99.27
91,0.737,27.3,98.49
104,0.737,27.3,98.02
117,0.737,27.3,98.4
130,0.737,27.3,97.54
144,0.737,27.3,97.86
0,0.882,15.6,99.55
106,0.882,15.6,98.36
213,0.882,15.6,97.32
320,0.882,15.6,95.79
426,0.882,15.6,94.98
533,0.882,15.6,93.36
640,0.882,15.6,91.72
747,0.882,15.6,90.11
853,0.882,15.6,88.71
960,0.882,15.6,86.76
1067,0.882,15.6,85.84
1174,0.882,15.6,83.63
0,0.8,37.3,99.94
102,0.8,37.3,98.26
204,0.8,37.3,95.11
306,0.8,37.3,94.16
408,0.8,37.3,91.92
510,0.8,37.3,89.82
612,0.8,37.3,87.94
714,0.8,37.3,85.5
816,0.8,37.3,82.95
918,0.8,37.3,81.11
1020,0.8,37.3,78.98
1122,0.8,37.3,76.78
0,0.679,36.3,99.62
90,0.679,36.3,98.6
180,0.679,36.3,97.42
270,0.679,36.3,94.76
360,0.679,36.3,93.79
450,0.679,36.3,91.87
540,0.679,36.3,90.27
630,0.679,36.3,88.4
720,0.679,36.3,86.95
810,0.679,36.3,85.95
900,0.679,36.3,83.14
990,0.679,36.3,81.45
0,0.416,41.1,99.99
18,0.416,41.1,99.62
36,0.416,41.1,99.18
54,0.416,41.1,99.17
72,0.416,41.1,99.85
90,0.416,41.1,99.21
108,0.416,41.1,98.15
126,0.416,41.1,98.41
144,0.416,41.1,97.62
162,0.416,41.1,97.01
180,0.416,41.1,97.71
198,0.416,41.1,97.48
0,0.838,25.7,99.94
116,0.838,25.7,98.56
233,0.838,25.7,96.59
349,0.838,25.7,94.44
466,0.838,25.7,92.09
583,0.838,25.7,90.74
699,0.838,25.7,89.13
816,0.838,25.7,86.35
933,0.838,25.7,84.99
1049,0.838,25.7,82.89
1166,0.838,25.7,81.01
1283,0.838,25.7,79.02
0,0.525,17.7,100.0
185,0.525,17.7,98.01
371,0.525,17.7,96.01
557,0.525,17.7,93.63
743,0.525,17.7,92.85
929,0.525,17.7,90.48
1114,0.525,17.7,88.39
1300,0.525,17.7,86.37
1486,0.525,17.7,84.13
1672,0.525,17.7,81.73
1858,0.525,17.7,79.62
2044,0.525,17.7,77.39
0,0.98,32.9,99.84
148,0.98,32.9,97.31
296,0.98,32.9,93.75
444,0.98,32.9,91.49
593,0.98,32.9,87.53
741,0.98,32.9,84.71
889,0.98,32.9,81.65
1037,0.98,32.9,78.13
1186,0.98,32.9,74.69
1334,0.98,32.9,71.33
1482,0.98,32.9,67.96
1631,0.98,32.9,64.39
0,0.569,39.4,99.72
108,0.569,39.4,98.09
216,0.569,39.4,96.81
324,0.569,39.4,94.76
432,0.569,39.4,92.79
540,0.569,39.4,90.55
648,0.569,39.4,88.87
756,0.569,39.4,86.45
864,0.569,39.4,84.58
972,0.569,39.4,82.99
1080,0.569,39.4,80.93
1188,0.569,39.4,78.24
0,0.496,29.8,100.0
152,0.496,29.8,97.46
304,0.496,29.8,96.23
456,0.496,29.8,93.6
608,0.496,29.8,91.78
760,0.496,29.8,89.76
912,0.496,29.8,87.61
1064,0.496,29.8,85.41
1216,0.496,29.8,83.44
1368,0.496,29.8,81.07
1520,0.496,29.8,78.55
1672,0.496,29.8,77.13
0,0.786,34.9,100.0
67,0.786,34.9,99.11
134,0.786,34.9,97.3
202,0.786,34.9,96.4
269,0.786,34.9,95.09
336,0.786,34.9,94.5
404,0.786,34.9,93.21
471,0.786,34.9,90.65
538,0.786,34.9,90.79
606,0.786,34.9,88.26
673,0.786,34.9,87.59
741,0.786,34.9,86.23
0,0.471,32.5,99.96
45,0.471,32.5,99.66
91,0.471,32.5,98.95
137,0.471,32.5,98.69
182,0.471,32.5,97.69
228,0.471,32.5,96.98
274,0.471,32.5,96.79
320,0.471,32.5,95.98
365,0.471,32.5,95.41
411,0.471,32.5,94.27
457,0.471,32.5,93.49
503,0.471,32.5,93.01
0,0.538,34.5,99.95
25,0.538,34.5,100.0
50,0.538,34.5,99.81
75,0.538,34.5,99.06
100,0.538,34.5,98.32
125,0.538,34.5,98.79
151,0.538,34.5,97.84
176,0.538,34.5,97.53
201,0.538,34.5,96.99
226,0.538,34.5,96.42
251,0.538,34.5,95.83
277,0.538,34.5,96.17
0,0.509,50.0,99.62
92,0.509,50.0,97.81
184,0.509,50.0,96.56
276,0.509,50.0,94.99
368,0.509,50.0,92.53
460,0.509,50.0,90.72
553,0.509,50.0,87.86
645,0.509,50.0,86.25
737,0.509,50.0,84.08
829,0.509,50.0,81.75
921,0.509,50.0,80.4
1014,0.509,50.0,77.48
0,0.412,25.2,100.0
198,0.412,25.2,98.06
396,0.412,25.2,96.07
594,0.412,25.2,93.77
792,0.412,25.2,91.62
990,0.412,25.2,88.9
1188,0.412,25.2,86.66
1386,0.412,25.2,84.38
1584,0.412,25.2,81.87
1782,0.412,25.2,79.29
1980,0.412,25.2,76.9
2178,0.412,25.2,74.31
0,0.726,28.3,99.77
35,0.726,28.3,99.3
70,0.726,28.3,98.6
105,0.726,28.3,98.85
140,0.726,28.3,98.0
175,0.726,28.3,97.14
211,0.726,28.3,97.17
246,0.726,28.3,96.14
281,0.726,28.3,95.3
316,0.726,28.3,95.6
351,0.726,28.3,94.5
387,0.726,28.3,93.97
0,0.657,37.0,99.58
187,0.657,37.0,97.04
374,0.657,37.0,93.31
561,0.657,37.0,90.69
748,0.657,37.0,86.51
935,0.657,37.0,82.16
1122,0.657,37.0,79.47
1309,0.657,37.0,76.4
1496,0.657,37.0,72.62
1683,0.657,37.0,69.03
1870,0.657,37.0,64.33
2058,0.657,37.0,61.27
0,0.52,30.6,99.55
102,0.52,30.6,98.5
204,0.52,30.6,97.12
306,0.52,30.6,96.26
408,0.52,30.6,94.8
510,0.52,30.6,93.17
612,0.52,30.6,91.14
714,0.52,30.6,90.02
816,0.52,30.6,88.39
918,0.52,30.6,87.46
1020,0.52,30.6,86.06
1122,0.52,30.6,84.51
0,0.514,10.0,100.0
57,0.514,10.0,99.42
114,0.514,10.0,98.83
172,0.514,10.0,99.18
229,0.514,10.0,98.56
287,0.514,10.0,97.62
344,0.514,10.0,97.01
402,0.514,10.0,96.56
459,0.514,10.0,96.17
517,0.514,10.0,96.13
574,0.514,10.0,95.21
632,0.514,10.0,94.79
0,0.86,20.8,100.0
149,0.86,20.8,97.87
299,0.86,20.8,94.92
448,0.86,20.8,92.83
598,0.86,20.8,90.94
747,0.86,20.8,89.2
897,0.86,20.8,86.72
1046,0.86,20.8,84.41
1196,0.86,20.8,82.67
1345,0.86,20.8,79.18
1495,0.86,20.8,77.22
1645,0.86,20.8,74.93
0,0.517,29.2,100.0
77,0.517,29.2,98.84
155,0.517,29.2,98.79
232,0.517,29.2,97.06
310,0.517,29.2,96.38
388,0.517,29.2,94.95
465,0.517,29.2,93.9
543,0.517,29.2,92.63
621,0.517,29.2,91.8
698,0.517,29.2,90.79
776,0.517,29.2,89.31
854,0.517,29.2,88.43
0,0.54,45.1,99.97
47,0.54,45.1,99.74
94,0.54,45.1,98.28
142,0.54,45.1,97.54
189,0.54,45.1,96.1
236,0.54,45.1,95.5
284,0.54,45.1,94.8
331,0.54,45.1,94.36
378,0.54,45.1,92.96
426,0.54,45.1,92.41
473,0.54,45.1,91.21
521,0.54,45.1,90.6
0,0.639,45.7,99.73
15,0.639,45.7,99.31
31,0.639,45.7,100.0
47,0.639,45.7,99.4
63,0.639,45.7,98.68
79,0.639,45.7,98.91
94,0.639,45.7,98.41
110,0.639,45.7,98.53
126,0.639,45.7,96.97
142,0.639,45.7,97.09
158,0.639,45.7,96.68
174,0.639,45.7,95.82
0,0.841,27.1,100.0
90,0.841,27.1,99.48
180,0.841,27.1,97.08
270,0.841,27.1,95.57
360,0.841,27.1,94.25
450,0.841,27.1,93.03
541,0.841,27.1,90.92
631,0.841,27.1,89.34
721,0.841,27.1,88.36
811,0.841,27.1,86.55
901,0.841,27.1,84.11
992,0.841,27.1,82.78
0,0.92,31.8,99.94
54,0.92,31.8,99.08
108,0.92,31.8,98.34
162,0.92,31.8,96.59
217,0.92,31.8,95.71
271,0.92,31.8,95.05
325,0.92,31.8,93.86
379,0.92,31.8,93.03
434,0.92,31.8,91.3
488,0.92,31.8,90.77
542,0.92,31.8,89.94
597,0.92,31.8,88.61
0,0.675,28.3,99.71
18,0.675,28.3,99.75
36,0.675,28.3,99.97
55,0.675,28.3,99.23
73,0.675,28.3,98.71
91,0.675,28.3,98.59
110,0.675,28.3,98.56
128,0.675,28.3,98.1
146,0.675,28.3,98.14
165,0.675,28.3,97.87
183,0.675,28.3,97.74
202,0.675,28.3,97.64
0,0.829,22.5,99.97
56,0.829,22.5,99.11
112,0.829,22.5,98.08
169,0.829,22.5,97.5
225,0.829,22.5,96.67
281,0.829,22.5,95.77
338,0.829,22.5,95.04
394,0.829,22.5,94.72
450,0.829,22.5,93.52
507,0.829,22.5,93.44
563,0.829,22.5,91.78
620,0.829,22.5,90.73
0,0.651,30.8,100.0
109,0.651,30.8,99.18
218,0.651,30.8,96.5
327,0.651,30.8,95.4
436,0.651,30.8,93.44
545,0.651,30.8,91.07
654,0.651,30.8,90.12
763,0.651,30.8,88.51
872,0.651,30.8,85.97
981,0.651,30.8,84.46
1090,0.651,30.8,82.04
1200,0.651,30.8,80.36
0,0.839,25.7,100.0
97,0.839,25.7,98.4
194,0.839,25.7,96.9
292,0.839,25.7,95.76
389,0.839,25.7,93.51
487,0.839,25.7,91.98
584,0.839,25.7,90.73
682,0.839,25.7,89.37
779,0.839,25.7,87.82
877,0.839,25.7,85.48
974,0.839,25.7,84.38
1072,0.839,25.7,82.09
0,0.979,21.1,100.0
67,0.979,21.1,98.82
135,0.979,21.1,98.72
202,0.979,21.1,97.17
270,0.979,21.1,95.53
337,0.979,21.1,94.62
405,0.979,21.1,93.97
472,0.979,21.1,92.97
540,0.979,21.1,91.45
607,0.979,21.1,90.38
675,0.979,21.1,89.49
743,0.979,21.1,88.13
0,0.417,23.3,100.0
7,0.417,23.3,100.0
14,0.417,23.3,100.0
21,0.417,23.3,99.91
28,0.417,23.3,100.0
35,0.417,23.3,99.45
42,0.417,23.3,99.56
49,0.417,23.3,99.26
56,0.417,23.3,99.04
63,0.417,23.3,99.52
70,0.417,23.3,99.4
77,0.417,23.3,99.51
0,0.748,30.7,100.0
13,0.748,30.7,99.81
26,0.748,30.7,99.77
39,0.748,30.7,99.18
52,0.748,30.7,99.36
65,0.748,30.7,99.26
79,0.748,30.7,98.57
92,0.748,30.7,98.62
105,0.748,30.7,98.18
118,0.748,30.7,98.0
131,0.748,30.7,97.58
145,0.748,30.7,98.19
0,0.842,32.8,99.93
195,0.842,32.8,97.61
390,0.842,32.8,92.77
585,0.842,32.8,89.15
780,0.842,32.8,85.06
975,0.842,32.8,81.42
1170,0.842,32.8,77.64
1365,0.842,32.8,73.33
1560,0.842,32.8,69.98
1755,0.842,32.8,65.41
1950,0.842,32.8,61.36
2146,0.842,32.8,56.85
0,0.725,28.1,99.79
118,0.725,28.1,98.05
237,0.725,28.1,97.44
356,0.725,28.1,94.55
474,0.725,28.1,92.25
593,0.725,28.1,90.6
712,0.725,28.1,88.89
831,0.725,28.1,87.14
949,0.725,28.1,85.19
1068,0.725,28.1,83.25
1187,0.725,28.1,80.8
1306,0.725,28.1,79.14
0,0.492,24.7,99.58
157,0.492,24.7,98.65
315,0.492,24.7,96.67
472,0.492,24.7,94.89
630,0.492,24.7,92.62
788,0.492,24.7,90.93
945,0.492,24.7,88.07
1103,0.492,24.7,87.0
1261,0.492,24.7,84.75
1418,0.492,24.7,82.9
1576,0.492,24.7,80.78
1734,0.492,24.7,78.26
0,0.38,24.0,100.0
61,0.38,24.0,99.68
122,0.38,24.0,98.36
183,0.38,24.0,97.88
244,0.38,24.0,97.35
305,0.38,24.0,96.84
367,0.38,24.0,95.84
428,0.38,24.0,95.17
489,0.38,24.0,94.73
550,0.38,24.0,94.4
611,0.38,24.0,93.29
673,0.38,24.0,92.99
0,0.841,19.9,100.0
36,0.841,19.9,99.41
72,0.841,19.9,98.89
108,0.841,19.9,99.01
144,0.841,19.9,98.01
180,0.841,19.9,98.0
216,0.841,19.9,97.27
252,0.841,19.9,96.49
288,0.841,19.9,96.27
324,0.841,19.9,95.7
360,0.841,19.9,95.43
397,0.841,19.9,94.34
0,0.657,28.6,100.0
128,0.657,28.6,97.89
257,0.657,28.6,96.71
386,0.657,28.6,94.58
515,0.657,28.6,91.98
644,0.657,28.6,90.86
773,0.657,28.6,89.2
902,0.657,28.6,86.73
1031,0.657,28.6,84.83
1160,0.657,28.6,82.3
1289,0.657,28.6,79.61
1418,0.657,28.6,77.46
0,0.696,24.9,99.98
95,0.696,24.9,99.0
191,0.696,24.9,96.96
287,0.696,24.9,95.95
383,0.696,24.9,95.26
479,0.696,24.9,92.97
575,0.696,24.9,92.24
671,0.696,24.9,90.35
767,0.696,24.9,89.28
863,0.696,24.9,88.03
959,0.696,24.9,86.46
1055,0.696,24.9,85.06
0,0.443,36.8,99.7
65,0.443,36.8,99.24
130,0.443,36.8,98.33
195,0.443,36.8,97.48
260,0.443,36.8,96.48
325,0.443,36.8,95.11
390,0.443,36.8,93.96
455,0.443,36.8,93.76
520,0.443,36.8,92.53
585,0.443,36.8,91.88
650,0.443,36.8,90.46
715,0.443,36.8,88.99
0,0.824,26.4,99.77
139,0.824,26.4,98.5
278,0.824,26.4,95.4
417,0.824,26.4,93.31
556,0.824,26.4,91.15
695,0.824,26.4,88.38
835,0.824,26.4,86.49
974,0.824,26.4,84.55
1113,0.824,26.4,81.4
1252,0.824,26.4,79.29
1391,0.824,26.4,75.75
1531,0.824,26.4,74.24
0,0.594,23.3,100.0
7,0.594,23.3,99.82
14,0.594,23.3,99.79
21,0.594,23.3,99.65
28,0.594,23.3,99.03
35,0.594,23.3,99.23
42,0.594,23.3,99.88
49,0.594,23.3,98.72
56,0.594,23.3,99.11
63,0.594,23.3,99.16
70,0.594,23.3,99.83
77,0.594,23.3,99.4
0,0.55,38.1,100.0
37,0.55,38.1,98.99
74,0.55,38.1,99.27
111,0.55,38.1,98.16
148,0.55,38.1,97.34
185,0.55,38.1,97.02
222,0.55,38.1,96.58
259,0.55,38.1,95.69
296,0.55,38.1,95.43
333,0.55,38.1,94.41
370,0.55,38.1,94.2
408,0.55,38.1,93.49
0,0.639,25.9,100.0
70,0.639,25.9,99.33
140,0.639,25.9,98.93
211,0.639,25.9,97.58
281,0.639,25.9,96.63
351,0.639,25.9,96.39
422,0.639,25.9,94.49
492,0.639,25.9,93.48
562,0.639,25.9,92.56
633,0.639,25.9,90.93
703,0.639,25.9,90.12
774,0.639,25.9,89.06
0,0.767,27.8,100.0
176,0.767,27.8,97.68
352,0.767,27.8,94.51
528,0.767,27.8,91.45
704,0.767,27.8,89.15
880,0.767,27.8,86.05
1056,0.767,27.8,82.22
1232,0.767,27.8,79.64
1408,0.767,27.8,76.76
1584,0.767,27.8,73.91
1760,0.767,27.8,70.87
1936,0.767,27.8,67.55
0,0.755,29.4,99.76
29,0.755,29.4,99.5
58,0.755,29.4,99.16
87,0.755,29.4,98.7
116,0.755,29.4,97.6
145,0.755,29.4,97.66
175,0.755,29.4,97.34
204,0.755,29.4,96.75
233,0.755,29.4,96.29
262,0.755,29.4,96.07
291,0.755,29.4,95.04
321,0.755,29.4,94.36
0,0.587,34.3,100.0
14,0.587,34.3,99.3
29,0.587,34.3,99.52
43,0.587,34.3,99.49
58,0.587,34.3,99.24
73,0.587,34.3,99.15
87,0.587,34.3,98.43
102,0.587,34.3,98.54
117,0.587,34.3,98.44
131,0.587,34.3,98.37
146,0.587,34.3,97.56
161,0.587,34.3,97.49
0,0.25,24.6,99.82
170,0.25,24.6,98.21
340,0.25,24.6,97.09
510,0.25,24.6,95.44
681,0.25,24.6,93.06
851,0.25,24.6,92.31
1021,0.25,24.6,90.27
1191,0.25,24.6,89.12
1362,0.25,24.6,86.83
1532,0.25,24.6,85.62
1702,0.25,24.6,83.82
1873,0.25,24.6,82.33
0,0.672,27.2,99.48
187,0.672,27.2,97.23
375,0.672,27.2,94.67
563,0.672,27.2,91.63
750,0.672,27.2,89.2
938,0.672,27.2,85.96
1126,0.672,27.2,82.78
1314,0.672,27.2,80.04
1501,0.672,27.2,77.24
1689,0.672,27.2,74.26
1877,0.672,27.2,71.78
2065,0.672,27.2,67.84
0,0.637,32.0,99.99
164,0.637,32.0,97.41
329,0.637,32.0,94.45
493,0.637,32.0,92.16
658,0.637,32.0,89.26
823,0.637,32.0,86.28
987,0.637,32.0,83.85
1152,0.637,32.0,80.97
1317,0.637,32.0,78.72
1481,0.637,32.0,75.91
1646,0.637,32.0,72.53
1811,0.637,32.0,69.89
0,0.316,25.5,100.0
36,0.316,25.5,99.44
72,0.316,25.5,99.73
108,0.316,25.5,98.49
144,0.316,25.5,98.24
180,0.316,25.5,98.57
216,0.316,25.5,98.55
252,0.316,25.5,97.78
288,0.316,25.5,97.24
324,0.316,25.5,96.12
360,0.316,25.5,95.82
397,0.316,25.5,96.2
0,0.586,21.3,100.0
186,0.586,21.3,97.97
373,0.586,21.3,96.02
559,0.586,21.3,93.46
746,0.586,21.3,91.51
932,0.586,21.3,88.74
1119,0.586,21.3,86.31
1305,0.586,21.3,84.33
1492,0.586,21.3,81.2
1678,0.586,21.3,80.1
1865,0.586,21.3,76.8
2052,0.586,21.3,74.33
0,0.745,42.1,99.44
121,0.745,42.1,98.1
242,0.745,42.1,94.92
363,0.745,42.1,92.45
484,0.745,42.1,89.28
605,0.745,42.1,87.2
727,0.745,42.1,84.03
848,0.745,42.1,81.53
969,0.745,42.1,78.61
1090,0.745,42.1,76.59
1211,0.745,42.1,73.79
1333,0.745,42.1,70.26
0,0.662,26.4,100.0
141,0.662,26.4,98.03
283,0.662,26.4,96.0
425,0.662,26.4,94.44
567,0.662,26.4,91.82
709,0.662,26.4,89.88
851,0.662,26.4,87.2
993,0.662,26.4,85.85
1135,0.662,26.4,84.11
1277,0.662,26.4,81.5
1419,0.662,26.4,79.57
1561,0.662,26.4,76.55
0,0.693,22.4,100.0
69,0.693,22.4,99.21
138,0.693,22.4,97.8
208,0.693,22.4,96.92
277,0.693,22.4,95.98
347,0.693,22.4,95.69
416,0.693,22.4,95.3
486,0.693,22.4,94.09
555,0.693,22.4,92.0
625,0.693,22.4,92.18
694,0.693,22.4,91.05
764,0.693,22.4,89.2
0,0.595,36.7,100.0
177,0.595,36.7,96.74
355,0.595,36.7,94.41
533,0.595,36.7,90.35
711,0.595,36.7,87.88
889,0.595,36.7,85.17
1067,0.595,36.7,81.56
1245,0.595,36.7,78.14
1423,0.595,36.7,75.36
1601,0.595,36.7,72.1
1779,0.595,36.7,68.91
1957,0.595,36.7,65.43
0,0.845,34.1,100.0
46,0.845,34.1,99.13
92,0.845,34.1,97.96
138,0.845,34.1,97.19
185,0.845,34.1,96.53
231,0.845,34.1,95.82
277,0.845,34.1,95.35
323,0.845,34.1,93.93
370,0.845,34.1,93.37
416,0.845,34.1,92.48
462,0.845,34.1,91.1
509,0.845,34.1,90.44
0,0.606,38.3,100.0
62,0.606,38.3,98.61
125,0.606,38.3,98.03
187,0.606,38.3,97.48
250,0.606,38.3,95.73
312,0.606,38.3,94.85
375,0.606,38.3,93.76
437,0.606,38.3,92.08
500,0.606,38.3,91.48
562,0.606,38.3,89.67
625,0.606,38.3,88.78
688,0.606,38.3,88.21
0,0.714,26.9,99.98
136,0.714,26.9,98.12
273,0.714,26.9,96.32
410,0.714,26.9,93.75
547,0.714,26.9,91.89
684,0.714,26.9,89.62
820,0.714,26.9,87.02
957,0.714,26.9,85.07
1094,0.714,26.9,83.73
1231,0.714,26.9,81.1
1368,0.714,26.9,78.27
1505,0.714,26.9,75.96
0,0.63,39.9,99.93
58,0.63,39.9,99.5
117,0.63,39.9,98.12
175,0.63,39.9,97.1
234,0.63,39.9,95.38
293,0.63,39.9,95.07
351,0.63,39.9,93.53
410,0.63,39.9,92.82
469,0.63,39.9,91.1
527,0.63,39.9,90.32
586,0.63,39.9,89.24
645,0.63,39.9,87.9
0,0.723,27.1,100.0
30,0.723,27.1,99.98
60,0.723,27.1,98.93
90,0.723,27.1,98.96
120,0.723,27.1,98.07
150,0.723,27.1,97.47
180,0.723,27.1,97.8
210,0.723,27.1,96.39
240,0.723,27.1,96.86
270,0.723,27.1,95.99
300,0.723,27.1,95.55
331,0.723,27.1,95.29
0,0.755,23.2,100.0
39,0.755,23.2,99.56
78,0.755,23.2,98.56
118,0.755,23.2,98.4
157,0.755,23.2,98.4
196,0.755,23.2,97.96
236,0.755,23.2,97.05
275,0.755,23.2,95.83
314,0.755,23.2,95.86
354,0.755,23.2,95.4
393,0.755,23.2,94.79
433,0.755,23.2,94.23
0,0.715,28.5,99.34
107,0.715,28.5,98.6
215,0.715,28.5,96.9
323,0.715,28.5,95.35
431,0.715,28.5,92.97
539,0.715,28.5,91.93
647,0.715,28.5,90.67
755,0.715,28.5,88.21
863,0.715,28.5,86.38
971,0.715,28.5,84.71
1079,0.715,28.5,83.51
1187,0.715,28.5,80.63
0,0.687,23.4,99.81
13,0.687,23.4,99.84
26,0.687,23.4,100.0
39,0.687,23.4,100.0
52,0.687,23.4,99.54
65,0.687,23.4,99.08
78,0.687,23.4,99.92
91,0.687,23.4,98.73
104,0.687,23.4,98.51
117,0.687,23.4,97.92
130,0.687,23.4,98.86
144,0.687,23.4,98.53
0,0.98,19.3,100.0
121,0.98,19.3,98.58
243,0.98,19.3,95.88
365,0.98,19.3,95.08
487,0.98,19.3,92.92
609,0.98,19.3,90.69
730,0.98,19.3,88.98
852,0.98,19.3,86.5
974,0.98,19.3,84.57
1096,0.98,19.3,82.6
1218,0.98,19.3,80.1
1340,0.98,19.3,79.02
0,0.864,24.1,100.0
123,0.864,24.1,98.12
247,0.864,24.1,96.41
370,0.864,24.1,94.11
494,0.864,24.1,92.01
618,0.864,24.1,90.65
741,0.864,24.1,88.22
865,0.864,24.1,86.88
989,0.864,24.1,84.1
1112,0.864,24.1,81.68
1236,0.864,24.1,80.32
1360,0.864,24.1,77.98
0,0.781,37.3,99.96
118,0.781,37.3,97.78
236,0.781,37.3,95.08
355,0.781,37.3,93.05
473,0.781,37.3,91.21
591,0.781,37.3,88.38
710,0.781,37.3,85.34
828,0.781,37.3,82.78
946,0.781,37.3,81.4
1065,0.781,37.3,78.25
1183,0.781,37.3,75.52
1302,0.781,37.3,73.08
0,0.384,39.0,99.86
95,0.384,39.0,99.23
191,0.384,39.0,97.42
287,0.384,39.0,96.52
383,0.384,39.0,94.7
479,0.384,39.0,93.48
575,0.384,39.0,91.99
671,0.384,39.0,90.5
767,0.384,39.0,88.94
863,0.384,39.0,87.26
959,0.384,39.0,86.53
1055,0.384,39.0,84.06
0,0.651,29.1,99.85
153,0.651,29.1,97.98
306,0.651,29.1,95.54
459,0.651,29.1,92.7
612,0.651,29.1,90.88
765,0.651,29.1,88.09
918,0.651,29.1,85.43
1071,0.651,29.1,83.64
1224,0.651,29.1,81.29
1377,0.651,29.1,78.82
1530,0.651,29.1,76.33
1683,0.651,29.1,72.94
0,0.405,42.8,99.63
63,0.405,42.8,99.31
126,0.405,42.8,97.89
189,0.405,42.8,97.17
252,0.405,42.8,95.91
315,0.405,42.8,95.3
378,0.405,42.8,94.12
441,0.405,42.8,92.88
504,0.405,42.8,91.62
567,0.405,42.8,91.02
630,0.405,42.8,89.45
694,0.405,42.8,88.94
0,0.98,38.5,99.97
124,0.98,38.5,96.64
248,0.98,38.5,93.99
372,0.98,38.5,91.96
497,0.98,38.5,88.22
621,0.98,38.5,85.22
745,0.98,38.5,82.35
869,0.98,38.5,78.94
994,0.98,38.5,75.75
1118,0.98,38.5,73.03
1242,0.98,38.5,69.59
1367,0.98,38.5,66.46
0,0.509,32.7,99.92
17,0.509,32.7,99.74
34,0.509,32.7,99.79
51,0.509,32.7,99.31
69,0.509,32.7,99.02
86,0.509,32.7,99.06
103,0.509,32.7,98.89
120,0.509,32.7,98.38
138,0.509,32.7,98.21
155,0.509,32.7,97.67
172,0.509,32.7,97.4
190,0.509,32.7,97.72
0,0.73,32.2,100.0
91,0.73,32.2,98.84
183,0.73,32.2,97.4
274,0.73,32.2,95.84
366,0.73,32.2,93.9
457,0.73,32.2,92.82
549,0.73,32.2,90.79
640,0.73,32.2,89.31
732,0.73,32.2,87.53
823,0.73,32.2,85.87
915,0.73,32.2,83.86
1007,0.73,32.2,82.68
0,0.98,26.4,100.0
133,0.98,26.4,97.64
267,0.98,26.4,95.25
401,0.98,26.4,93.52
535,0.98,26.4,90.26
669,0.98,26.4,87.82
802,0.98,26.4,84.91
936,0.98,26.4,82.64
1070,0.98,26.4,79.72
1204,0.98,26.4,77.95
1338,0.98,26.4,76.1
1472,0.98,26.4,72.36
0,0.35,35.3,100.0
17,0.35,35.3,99.72
34,0.35,35.3,99.4
52,0.35,35.3,99.35
69,0.35,35.3,99.47
86,0.35,35.3,98.92
104,0.35,35.3,98.61
121,0.35,35.3,98.5
138,0.35,35.3,97.92
156,0.35,35.3,98.27
173,0.35,35.3,97.3
191,0.35,35.3,97.54
0,0.787,31.1,100.0
88,0.787,31.1,98.59
177,0.787,31.1,97.52
266,0.787,31.1,95.9
355,0.787,31.1,94.16
444,0.787,31.1,92.74
533,0.787,31.1,91.08
622,0.787,31.1,89.04
711,0.787,31.1,87.1
800,0.787,31.1,86.08
889,0.787,31.1,84.47
978,0.787,31.1,83.01
0,0.481,22.7,99.98
56,0.481,22.7,98.79
113,0.481,22.7,98.98
170,0.481,22.7,97.58
227,0.481,22.7,97.27
284,0.481,22.7,97.44
341,0.481,22.7,96.97
398,0.481,22.7,95.26
455,0.481,22.7,94.92
512,0.481,22.7,94.39
569,0.481,22.7,94.34
626,0.481,22.7,92.88
0,0.564,39.8,99.87
113,0.564,39.8,98.43
227,0.564,39.8,95.69
340,0.564,39.8,94.15
454,0.564,39.8,91.57
567,0.564,39.8,89.72
681,0.564,39.8,88.28
794,0.564,39.8,85.87
908,0.564,39.8,83.64
1021,0.564,39.8,81.36
1135,0.564,39.8,79.38
1249,0.564,39.8,77.39
0,0.827,10.6,100.0
148,0.827,10.6,98.4
297,0.827,10.6,96.89
446,0.827,10.6,95.12
595,0.827,10.6,93.16
744,0.827,10.6,91.3
893,0.827,10.6,89.6
1042,0.827,10.6,88.27
1191,0.827,10.6,85.78
1340,0.827,10.6,84.18
1489,0.827,10.6,82.41
1638,0.827,10.6,81.04
0,0.596,35.7,100.0
63,0.596,35.7,99.05
126,0.596,35.7,98.01
190,0.596,35.7,96.93
253,0.596,35.7,95.92
317,0.596,35.7,95.25
380,0.596,35.7,93.97
444,0.596,35.7,92.89
507,0.596,35.7,91.34
571,0.596,35.7,90.29
634,0.596,35.7,90.29
698,0.596,35.7,88.37
0,0.511,39.0,100.0
51,0.511,39.0,99.21
102,0.511,39.0,98.36
153,0.511,39.0,97.6
204,0.511,39.0,96.35
255,0.511,39.0,95.97
306,0.511,39.0,95.26
357,0.511,39.0,94.95
408,0.511,39.0,93.47
459,0.511,39.0,91.76
510,0.511,39.0,91.68
562,0.511,39.0,91.78
0,0.806,23.3,100.0
108,0.806,23.3,98.27
216,0.806,23.3,96.49
324,0.806,23.3,95.23
432,0.806,23.3,93.75
540,0.806,23.3,91.4
648,0.806,23.3,89.98
756,0.806,23.3,88.69
864,0.806,23.3,86.84
972,0.806,23.3,85.41
1080,0.806,23.3,83.13
1189,0.806,23.3,82.05
0,0.437,40.5,99.62
11,0.437,40.5,100.0
22,0.437,40.5,100.0
33,0.437,40.5,99.66
44,0.437,40.5,99.59
55,0.437,40.5,99.24
66,0.437,40.5,98.71
77,0.437,40.5,98.73
88,0.437,40.5,98.32
99,0.437,40.5,98.13
110,0.437,40.5,98.55
121,0.437,40.5,97.85
0,0.708,19.9,100.0
119,0.708,19.9,98.43
238,0.708,19.9,97.61
358,0.708,19.9,95.68
477,0.708,19.9,94.44
596,0.708,19.9,92.17
716,0.708,19.9,90.84
835,0.708,19.9,88.87
954,0.708,19.9,87.45
1074,0.708,19.9,85.86
1193,0.708,19.9,84.06
1313,0.708,19.9,82.23
0,0.396,12.6,100.0
45,0.396,12.6,99.12
90,0.396,12.6,98.86
135,0.396,12.6,99.61
180,0.396,12.6,98.4
225,0.396,12.6,98.37
270,0.396,12.6,98.12
315,0.396,12.6,97.76
360,0.396,12.6,96.62
405,0.396,12.6,96.69
450,0.396,12.6,95.83
495,0.396,12.6,96.88
0,0.363,21.7,99.64
16,0.363,21.7,99.35
32,0.363,21.7,100.0
48,0.363,21.7,100.0
64,0.363,21.7,99.29
80,0.363,21.7,98.84
96,0.363,21.7,98.38
112,0.363,21.7,98.93
128,0.363,21.7,98.75
144,0.363,21.7,98.49
160,0.363,21.7,98.64
176,0.363,21.7,98.55
0,0.708,26.8,100.0
86,0.708,26.8,98.85
172,0.708,26.8,97.92
258,0.708,26.8,96.61
344,0.708,26.8,94.55
430,0.708,26.8,93.23
516,0.708,26.8,92.15
602,0.708,26.8,90.71
688,0.708,26.8,90.0
774,0.708,26.8,88.51
860,0.708,26.8,87.41
946,0.708,26.8,85.8
0,0.688,37.4,100.0
113,0.688,37.4,98.11
227,0.688,37.4,96.53
341,0.688,37.4,93.92
455,0.688,37.4,91.61
569,0.688,37.4,89.24
682,0.688,37.4,87.58
796,0.688,37.4,85.54
910,0.688,37.4,82.84
1024,0.688,37.4,81.05
1138,0.688,37.4,77.63
1252,0.688,37.4,76.02
0,0.643,23.9,99.98
150,0.643,23.9,98.01
301,0.643,23.9,96.18
451,0.643,23.9,93.44
602,0.643,23.9,91.8
752,0.643,23.9,90.32
903,0.643,23.9,87.64
1053,0.643,23.9,85.44
1204,0.643,23.9,84.03
1354,0.643,23.9,81.89
1505,0.643,23.9,79.42
1656,0.643,23.9,76.89
0,0.607,23.4,99.65
97,0.607,23.4,98.52
194,0.607,23.4,97.47
291,0.607,23.4,96.09
388,0.607,23.4,94.66
485,0.607,23.4,94.02
582,0.607,23.4,92.75
679,0.607,23.4,91.97
776,0.607,23.4,89.84
873,0.607,23.4,88.87
970,0.607,23.4,87.57
1067,0.607,23.4,86.05
0,0.784,34.4,99.91
21,0.784,34.4,99.54
42,0.784,34.4,98.84
63,0.784,34.4,98.67
84,0.784,34.4,98.36
105,0.784,34.4,97.81
126,0.784,34.4,97.98
147,0.784,34.4,97.87
168,0.784,34.4,96.75
189,0.784,34.4,96.78
210,0.784,34.4,95.93
231,0.784,34.4,95.79
0,0.526,33.2,99.76
7,0.526,33.2,100.0
15,0.526,33.2,99.73
22,0.526,33.2,99.5
30,0.526,33.2,99.18
37,0.526,33.2,99.62
45,0.526,33.2,99.74
52,0.526,33.2,99.42
60,0.526,33.2,100.0
67,0.526,33.2,99.62
75,0.526,33.2,98.91
83,0.526,33.2,98.79
0,0.735,23.1,100.0
95,0.735,23.1,98.88
190,0.735,23.1,97.74
285,0.735,23.1,96.77
380,0.735,23.1,94.88
475,0.735,23.1,93.41
570,0.735,23.1,92.6
665,0.735,23.1,91.01
760,0.735,23.1,89.16
855,0.735,23.1,87.86
950,0.735,23.1,86.51
1046,0.735,23.1,85.12
0,0.406,18.2,99.69
62,0.406,18.2,99.15
124,0.406,18.2,98.71
187,0.406,18.2,98.58
249,0.406,18.2,97.73
311,0.406,18.2,97.27
374,0.406,18.2,96.18
436,0.406,18.2,95.85
498,0.406,18.2,95.62
561,0.406,18.2,95.01
623,0.406,18.2,93.95
686,0.406,18.2,93.64
0,0.98,28.9,99.94
11,0.98,28.9,99.86
23,0.98,28.9,99.58
35,0.98,28.9,99.42
46,0.98,28.9,98.73
58,0.98,28.9,98.69
70,0.98,28.9,98.76
82,0.98,28.9,98.54
93,0.98,28.9,98.2
105,0.98,28.9,98.12
117,0.98,28.9,97.98
129,0.98,28.9,98.06
0,0.632,31.8,99.81
86,0.632,31.8,98.99
172,0.632,31.8,97.62
259,0.632,31.8,96.44
345,0.632,31.8,95.03
432,0.632,31.8,93.59
518,0.632,31.8,91.97
605,0.632,31.8,90.67
691,0.632,31.8,89.55
778,0.632,31.8,87.51
864,0.632,31.8,86.09
951,0.632,31.8,84.92
0,0.725,23.2,99.97
64,0.725,23.2,98.43
129,0.725,23.2,98.27
193,0.725,23.2,97.42
258,0.725,23.2,96.51
322,0.725,23.2,96.17
387,0.725,23.2,94.32
451,0.725,23.2,93.54
516,0.725,23.2,91.98
580,0.725,23.2,91.8
645,0.725,23.2,90.88
710,0.725,23.2,89.89
0,0.849,35.0,100.0
80,0.849,35.0,98.44
160,0.849,35.0,97.39
241,0.849,35.0,95.43
321,0.849,35.0,93.55
401,0.849,35.0,91.62
482,0.849,35.0,90.41
562,0.849,35.0,89.17
642,0.849,35.0,88.04
723,0.849,35.0,85.57
803,0.849,35.0,83.6
884,0.849,35.0,81.74
0,0.749,16.6,100.0
198,0.749,16.6,97.86
397,0.749,16.6,95.17
596,0.749,16.6,92.92
795,0.749,16.6,90.21
994,0.749,16.6,87.27
1193,0.749,16.6,85.56
1392,0.749,16.6,82.14
1591,0.749,16.6,79.86
1790,0.749,16.6,76.06
1989,0.749,16.6,74.65
2188,0.749,16.6,72.0
0,0.655,32.9,100.0
111,0.655,32.9,98.12
222,0.655,32.9,96.76
333,0.655,32.9,94.46
445,0.655,32.9,92.66
556,0.655,32.9,91.39
667,0.655,32.9,89.44
778,0.655,32.9,86.93
890,0.655,32.9,84.98
1001,0.655,32.9,83.07
1112,0.655,32.9,81.61
1224,0.655,32.9,79.02
0,0.714,34.2,100.0
62,0.714,34.2,98.92
125,0.714,34.2,97.9
188,0.714,34.2,96.54
250,0.714,34.2,96.15
313,0.714,34.2,94.41
376,0.714,34.2,93.67
439,0.714,34.2,92.38
501,0.714,34.2,90.91
564,0.714,34.2,89.91
627,0.714,34.2,89.45
690,0.714,34.2,87.86
0,0.468,31.1,99.95
4,0.468,31.1,100.0
9,0.468,31.1,100.0
13,0.468,31.1,99.73
18,0.468,31.1,100.0
22,0.468,31.1,99.11
27,0.468,31.1,99.73
31,0.468,31.1,100.0
36,0.468,31.1,99.55
40,0.468,31.1,98.93
45,0.468,31.1,99.34
50,0.468,31.1,99.93
0,0.718,23.1,99.8
57,0.718,23.1,99.43
114,0.718,23.1,99.02
172,0.718,23.1,98.14
229,0.718,23.1,97.16
286,0.718,23.1,95.74
344,0.718,23.1,94.93
401,0.718,23.1,94.78
458,0.718,23.1,93.31
516,0.718,23.1,92.87
573,0.718,23.1,92.24
631,0.718,23.1,90.89
0,0.466,28.3,100.0
31,0.466,28.3,100.0
62,0.466,28.3,99.53
94,0.466,28.3,98.97
125,0.466,28.3,98.31
157,0.466,28.3,97.81
188,0.466,28.3,97.63
220,0.466,28.3,97.56
251,0.466,28.3,97.15
283,0.466,28.3,95.89
314,0.466,28.3,95.96
346,0.466,28.3,96.26
0,0.664,19.1,99.99
27,0.664,19.1,99.86
54,0.664,19.1,99.56
81,0.664,19.1,98.99
108,0.664,19.1,98.55
135,0.664,19.1,99.23
163,0.664,19.1,98.51
190,0.664,19.1,98.13
217,0.664,19.1,97.72
244,0.664,19.1,96.84
271,0.664,19.1,97.31
299,0.664,19.1,96.23
0,0.701,17.5,99.29
123,0.701,17.5,98.75
247,0.701,17.5,96.88
371,0.701,17.5,94.96
494,0.701,17.5,94.32
618,0.701,17.5,93.32
742,0.701,17.5,91.49
866,0.701,17.5,89.33
989,0.701,17.5,87.84
1113,0.701,17.5,86.54
1237,0.701,17.5,85.01
1361,0.701,17.5,82.88
0,0.656,31.1,99.95
176,0.656,31.1,97.37
352,0.656,31.1,95.12
528,0.656,31.1,92.22
704,0.656,31.1,89.07
880,0.656,31.1,86.58
1056,0.656,31.1,82.88
1232,0.656,31.1,80.6
1408,0.656,31.1,77.22
1584,0.656,31.1,75.15
1760,0.656,31.1,70.55
1937,0.656,31.1,67.65
0,0.725,31.8,100.0
159,0.725,31.8,97.27
319,0.725,31.8,95.13
479,0.725,31.8,92.46
639,0.725,31.8,89.49
799,0.725,31.8,86.06
959,0.725,31.8,84.02
1119,0.725,31.8,81.05
1279,0.725,31.8,77.92
1439,0.725,31.8,74.84
1599,0.725,31.8,71.89
1759,0.725,31.8,68.82
0,0.765,29.2,99.61
5,0.765,29.2,99.64
10,0.765,29.2,99.5
15,0.765,29.2,99.53
21,0.765,29.2,99.79
26,0.765,29.2,99.63
31,0.765,29.2,99.64
36,0.765,29.2,99.66
42,0.765,29.2,99.18
47,0.765,29.2,99.84
52,0.765,29.2,99.15
58,0.765,29.2,99.0
0,0.737,16.1,99.72
26,0.737,16.1,100.0
52,0.737,16.1,98.84
79,0.737,16.1,99.54
105,0.737,16.1,99.38
132,0.737,16.1,98.41
158,0.737,16.1,98.33
185,0.737,16.1,98.3
211,0.737,16.1,97.44
238,0.737,16.1,97.58
264,0.737,16.1,96.73
291,0.737,16.1,96.47
0,0.506,31.4,99.94
176,0.506,31.4,97.28
352,0.506,31.4,94.9
528,0.506,31.4,92.91
704,0.506,31.4,90.87
880,0.506,31.4,87.79
1056,0.506,31.4,84.91
1232,0.506,31.4,82.68
1408,0.506,31.4,79.68
1584,0.506,31.4,76.97
1760,0.506,31.4,74.09
1937,0.506,31.4,72.21
0,0.25,34.6,99.84
25,0.25,34.6,99.62
50,0.25,34.6,100.0
76,0.25,34.6,98.98
101,0.25,34.6,98.73
126,0.25,34.6,98.65
152,0.25,34.6,98.56
177,0.25,34.6,97.98
202,0.25,34.6,97.31
228,0.25,34.6,97.27
253,0.25,34.6,97.74
279,0.25,34.6,97.02
0,0.731,27.2,100.0
136,0.731,27.2,98.01
273,0.731,27.2,95.85
409,0.731,27.2,94.28
546,0.731,27.2,91.48
683,0.731,27.2,89.33
819,0.731,27.2,87.34
956,0.731,27.2,85.11
1093,0.731,27.2,82.95
1229,0.731,27.2,81.35
1366,0.731,27.2,78.46
1503,0.731,27.2,75.22
0,0.709,29.3,100.0
159,0.709,29.3,97.76
319,0.709,29.3,95.15
479,0.709,29.3,92.56
639,0.709,29.3,90.17
799,0.709,29.3,87.11
959,0.709,29.3,84.29
1119,0.709,29.3,82.98
1279,0.709,29.3,78.94
1439,0.709,29.3,76.49
1599,0.709,29.3,73.17
1759,0.709,29.3,70.97
0,0.482,25.9,100.0
192,0.482,25.9,98.04
384,0.482,25.9,94.91
577,0.482,25.9,93.79
769,0.482,25.9,90.31
961,0.482,25.9,88.82
1154,0.482,25.9,86.16
1346,0.482,25.9,83.51
1538,0.482,25.9,80.5
1731,0.482,25.9,78.32
1923,0.482,25.9,75.56
2116,0.482,25.9,73.17
0,0.605,14.7,100.0
62,0.605,14.7,99.4
125,0.605,14.7,98.63
188,0.605,14.7,97.96
251,0.605,14.7,97.63
314,0.605,14.7,96.52
376,0.605,14.7,95.39
439,0.605,14.7,95.65
502,0.605,14.7,95.01
565,0.605,14.7,94.07
628,0.605,14.7,93.05
691,0.605,14.7,92.79
0,0.386,21.8,100.0
141,0.386,21.8,98.58
282,0.386,21.8,97.17
424,0.386,21.8,96.58
565,0.386,21.8,94.57
707,0.386,21.8,93.09
848,0.386,21.8,91.36
990,0.386,21.8,89.78
1131,0.386,21.8,87.72
1273,0.386,21.8,87.31
1414,0.386,21.8,85.6
1556,0.386,21.8,83.85
0,0.625,34.2,99.46
165,0.625,34.2,97.27
330,0.625,34.2,94.38
495,0.625,34.2,92.63
660,0.625,34.2,89.5
825,0.625,34.2,85.57
991,0.625,34.2,82.91
1156,0.625,34.2,80.48
1321,0.625,34.2,77.44
1486,0.625,34.2,74.19
1651,0.625,34.2,72.37
1817,0.625,34.2,68.81
0,0.735,24.2,99.87
153,0.735,24.2,97.86
306,0.735,24.2,95.99
460,0.735,24.2,92.95
613,0.735,24.2,91.8
766,0.735,24.2,88.99
920,0.735,24.2,87.03
1073,0.735,24.2,83.85
1226,0.735,24.2,81.53
1380,0.735,24.2,79.05
1533,0.735,24.2,77.14
1687,0.735,24.2,74.65
0,0.566,21.9,99.56
58,0.566,21.9,99.37
117,0.566,21.9,98.57
176,0.566,21.9,97.81
235,0.566,21.9,97.9
294,0.566,21.9,96.63
353,0.566,21.9,96.39
412,0.566,21.9,95.05
471,0.566,21.9,94.6
530,0.566,21.9,93.77
589,0.566,21.9,92.47
648,0.566,21.9,92.83
0,0.626,34.2,99.94
173,0.626,34.2,97.04
346,0.626,34.2,94.94
519,0.626,34.2,91.69
692,0.626,34.2,88.75
865,0.626,34.2,86.09
1039,0.626,34.2,82.97
1212,0.626,34.2,79.77
1385,0.626,34.2,75.92
1558,0.626,34.2,73.07
1731,0.626,34.2,69.84
1905,0.626,34.2,67.3
0,0.681,19.3,99.93
60,0.681,19.3,98.82
121,0.681,19.3,98.61
182,0.681,19.3,97.32
243,0.681,19.3,97.34
304,0.681,19.3,96.53
365,0.681,19.3,96.3
426,0.681,19.3,95.16
487,0.681,19.3,93.94
548,0.681,19.3,93.6
609,0.681,19.3,92.04
670,0.681,19.3,91.4
0,0.71,13.9,99.64
42,0.71,13.9,99.63
85,0.71,13.9,98.76
127,0.71,13.9,98.84
170,0.71,13.9,98.23
212,0.71,13.9,98.25
255,0.71,13.9,97.28
297,0.71,13.9,96.54
340,0.71,13.9,96.23
382,0.71,13.9,95.37
425,0.71,13.9,95.49
468,0.71,13.9,95.06
0,0.98,24.6,99.91
51,0.98,24.6,99.02
103,0.98,24.6,98.45
155,0.98,24.6,97.64
206,0.98,24.6,96.62
258,0.98,24.6,96.13
310,0.98,24.6,94.63
362,0.98,24.6,94.28
413,0.98,24.6,93.22
465,0.98,24.6,92.1
517,0.98,24.6,91.07
569,0.98,24.6,91.09
0,0.503,31.1,100.0
62,0.503,31.1,99.56
125,0.503,31.1,98.19
188,0.503,31.1,97.76
250,0.503,31.1,96.83
313,0.503,31.1,95.69
376,0.503,31.1,95.26
439,0.503,31.1,94.24
501,0.503,31.1,93.31
564,0.503,31.1,92.32
627,0.503,31.1,91.58
690,0.503,31.1,90.61
0,0.661,24.5,100.0
164,0.661,24.5,97.55
329,0.661,24.5,95.82
493,0.661,24.5,93.27
658,0.661,24.5,91.66
822,0.661,24.5,88.37
987,0.661,24.5,86.03
1151,0.661,24.5,83.54
1316,0.661,24.5,81.56
1480,0.661,24.5,78.53
1645,0.661,24.5,76.38
1810,0.661,24.5,73.32
0,0.693,25.5,100.0
149,0.693,25.5,97.56
299,0.693,25.5,96.17
448,0.693,25.5,93.47
598,0.693,25.5,92.05
747,0.693,25.5,89.52
897,0.693,25.5,86.63
1046,0.693,25.5,84.38
1196,0.693,25.5,82.6
1345,0.693,25.5,79.98
1495,0.693,25.5,77.68
1645,0.693,25.5,75.83
0,0.515,29.6,100.0
65,0.515,29.6,99.51
131,0.515,29.6,98.32
196,0.515,29.6,97.42
262,0.515,29.6,96.03
327,0.515,29.6,95.39
393,0.515,29.6,94.97
458,0.515,29.6,93.92
524,0.515,29.6,93.07
589,0.515,29.6,92.5
655,0.515,29.6,90.8
721,0.515,29.6,90.2
0,0.684,24.1,100.0
170,0.684,24.1,97.92
341,0.684,24.1,96.09
512,0.684,24.1,92.53
683,0.684,24.1,90.59
854,0.684,24.1,88.24
1024,0.684,24.1,85.29
1195,0.684,24.1,83.18
1366,0.684,24.1,80.14
1537,0.684,24.1,78.2
1708,0.684,24.1,75.75
1879,0.684,24.1,72.88
0,0.316,22.2,100.0
69,0.316,22.2,99.44
138,0.316,22.2,97.88
207,0.316,22.2,98.63
276,0.316,22.2,97.6
345,0.316,22.2,96.62
415,0.316,22.2,96.6
484,0.316,22.2,95.35
553,0.316,22.2,94.69
622,0.316,22.2,94.39
691,0.316,22.2,94.22
761,0.316,22.2,93.48
0,0.715,32.2,99.56
128,0.715,32.2,98.23
257,0.715,32.2,95.6
386,0.715,32.2,93.76
515,0.715,32.2,91.33
644,0.715,32.2,89.31
773,0.715,32.2,86.88
902,0.715,32.2,83.45
1031,0.715,32.2,82.25
1160,0.715,32.2,80.07
1289,0.715,32.2,77.64
1418,0.715,32.2,75.08
0,0.946,31.2,100.0
162,0.946,31.2,97.42
324,0.946,31.2,94.02
487,0.946,31.2,90.32
649,0.946,31.2,86.49
812,0.946,31.2,83.81
974,0.946,31.2,80.88
1137,0.946,31.2,77.07
1299,0.946,31.2,74.05
1462,0.946,31.2,70.35
1624,0.946,31.2,67.28
1787,0.946,31.2,63.23
0,0.734,32.5,99.4
196,0.734,32.5,96.65
392,0.734,32.5,93.7
588,0.734,32.5,90.44
784,0.734,32.5,86.43
980,0.734,32.5,82.64
1176,0.734,32.5,79.36
1372,0.734,32.5,75.73
1568,0.734,32.5,71.6
1764,0.734,32.5,68.12
1960,0.734,32.5,64.67
2156,0.734,32.5,61.16
0,0.784,29.3,99.98
89,0.784,29.3,98.85
179,0.784,29.3,97.16
269,0.784,29.3,95.77
359,0.784,29.3,93.82
449,0.784,29.3,93.1
538,0.784,29.3,90.71
628,0.784,29.3,89.39
718,0.784,29.3,88.0
808,0.784,29.3,87.07
898,0.784,29.3,84.63
988,0.784,29.3,82.94
0,0.551,40.6,99.65
128,0.551,40.6,98.87
256,0.551,40.6,95.88
384,0.551,40.6,93.0
512,0.551,40.6,91.04
640,0.551,40.6,88.71
769,0.551,40.6,86.58
897,0.551,40.6,84.52
1025,0.551,40.6,81.59
1153,0.551,40.6,78.82
1281,0.551,40.6,76.83
1410,0.551,40.6,73.83
0,0.464,16.7,99.45
48,0.464,16.7,99.28
97,0.464,16.7,98.74
145,0.464,16.7,98.82
194,0.464,16.7,97.83
243,0.464,16.7,96.69
291,0.464,16.7,96.96
340,0.464,16.7,96.68
389,0.464,16.7,96.16
437,0.464,16.7,96.43
486,0.464,16.7,95.2
535,0.464,16.7,95.24
0,0.647,28.7,99.98
97,0.647,28.7,98.43
194,0.647,28.7,97.36
291,0.647,28.7,95.79
388,0.647,28.7,94.09
485,0.647,28.7,93.29
583,0.647,28.7,91.59
680,0.647,28.7,89.78
777,0.647,28.7,88.48
874,0.647,28.7,86.88
971,0.647,28.7,85.07
1069,0.647,28.7,83.85
0,0.538,22.4,99.43
184,0.538,22.4,97.86
368,0.538,22.4,96.03
553,0.538,22.4,93.36
737,0.538,22.4,92.23
922,0.538,22.4,89.37
1106,0.538,22.4,87.21
1291,0.538,22.4,84.7
1475,0.538,22.4,82.73
1660,0.538,22.4,79.44
1844,0.538,22.4,76.45
2029,0.538,22.4,74.8
0,0.75,30.1,100.0
151,0.75,30.1,97.81
302,0.75,30.1,95.47
453,0.75,30.1,92.31
605,0.75,30.1,89.65
756,0.75,30.1,87.97
907,0.75,30.1,84.78
1058,0.75,30.1,81.85
1210,0.75,30.1,79.14
1361,0.75,30.1,76.42
1512,0.75,30.1,73.67
1664,0.75,30.1,70.7
0,0.38,27.6,99.79
56,0.38,27.6,99.83
112,0.38,27.6,98.95
168,0.38,27.6,98.34
224,0.38,27.6,97.36
280,0.38,27.6,96.95
336,0.38,27.6,96.49
392,0.38,27.6,95.97
448,0.38,27.6,95.05
504,0.38,27.6,94.81
560,0.38,27.6,93.78
617,0.38,27.6,93.39
0,0.562,16.3,100.0
90,0.562,16.3,99.35
181,0.562,16.3,98.38
272,0.562,16.3,97.17
363,0.562,16.3,96.05
454,0.562,16.3,95.55
544,0.562,16.3,94.54
635,0.562,16.3,93.2
726,0.562,16.3,92.79
817,0.562,16.3,91.09
908,0.562,16.3,90.18
999,0.562,16.3,89.95
0,0.806,26.5,100.0
56,0.806,26.5,99.26
112,0.806,26.5,97.4
168,0.806,26.5,97.18
224,0.806,26.5,96.6
280,0.806,26.5,95.6
337,0.806,26.5,94.89
393,0.806,26.5,94.29
449,0.806,26.5,92.86
505,0.806,26.5,91.68
561,0.806,26.5,91.24
618,0.806,26.5,90.06
0,0.622,27.0,99.22
8,0.622,27.0,99.77
17,0.622,27.0,99.8
25,0.622,27.0,99.43
34,0.622,27.0,99.91
43,0.622,27.0,99.76
51,0.622,27.0,99.36
60,0.622,27.0,99.16
69,0.622,27.0,99.1
77,0.622,27.0,99.0
86,0.622,27.0,98.89
95,0.622,27.0,98.73
0,0.695,34.3,99.57
41,0.695,34.3,99.01
83,0.695,34.3,98.09
125,0.695,34.3,98.3
166,0.695,34.3,97.39
208,0.695,34.3,96.76
250,0.695,34.3,95.35
292,0.695,34.3,95.75
333,0.695,34.3,94.19
375,0.695,34.3,93.71
417,0.695,34.3,93.21
459,0.695,34.3,91.81
0,0.552,30.3,100.0
177,0.552,30.3,98.23
355,0.552,30.3,95.58
533,0.552,30.3,92.71
711,0.552,30.3,89.61
889,0.552,30.3,87.67
1067,0.552,30.3,84.09
1245,0.552,30.3,82.47
1423,0.552,30.3,79.26
1601,0.552,30.3,75.52
1779,0.552,30.3,73.57
1957,0.552,30.3,71.15
0,0.607,34.0,99.7
73,0.607,34.0,98.49
147,0.607,34.0,97.78
221,0.607,34.0,96.65
295,0.607,34.0,95.32
369,0.607,34.0,94.67
442,0.607,34.0,92.74
516,0.607,34.0,91.92
590,0.607,34.0,90.59
664,0.607,34.0,88.78
738,0.607,34.0,87.61
812,0.607,34.0,86.82
0,0.98,33.1,98.91
92,0.98,33.1,98.52
184,0.98,33.1,96.37
276,0.98,33.1,94.9
368,0.98,33.1,92.25
460,0.98,33.1,90.71
552,0.98,33.1,88.9
644,0.98,33.1,86.45
736,0.98,33.1,84.44
828,0.98,33.1,82.57
920,0.98,33.1,80.71
1012,0.98,33.1,78.47
0,0.825,25.8,99.54
44,0.825,25.8,100.0
89,0.825,25.8,98.51
134,0.825,25.8,97.83
178,0.825,25.8,97.32
223,0.825,25.8,96.66
268,0.825,25.8,95.79
313,0.825,25.8,95.2
357,0.825,25.8,94.48
402,0.825,25.8,93.82
447,0.825,25.8,92.2
492,0.825,25.8,92.94
0,0.623,33.1,99.84
80,0.623,33.1,98.62
161,0.623,33.1,98.12
242,0.623,33.1,96.12
323,0.623,33.1,95.29
404,0.623,33.1,93.48
484,0.623,33.1,92.24
565,0.623,33.1,90.97
646,0.623,33.1,90.15
727,0.623,33.1,87.68
808,0.623,33.1,86.51
889,0.623,33.1,84.92
0,0.454,23.3,99.43
171,0.454,23.3,97.99
343,0.454,23.3,95.65
515,0.454,23.3,94.05
687,0.454,23.3,92.85
859,0.454,23.3,90.57
1031,0.454,23.3,88.48
1203,0.454,23.3,86.02
1375,0.454,23.3,83.78
1547,0.454,23.3,81.86
1719,0.454,23.3,80.16
1891,0.454,23.3,78.39
0,0.812,33.4,100.0
124,0.812,33.4,97.76
248,0.812,33.4,95.52
372,0.812,33.4,93.96
496,0.812,33.4,90.25
620,0.812,33.4,88.37
745,0.812,33.4,86.42
869,0.812,33.4,83.02
993,0.812,33.4,80.84
1117,0.812,33.4,78.39
1241,0.812,33.4,75.99
1366,0.812,33.4,72.97
0,0.757,33.7,100.0
124,0.757,33.7,97.64
249,0.757,33.7,95.76
374,0.757,33.7,93.13
499,0.757,33.7,91.01
624,0.757,33.7,89.54
749,0.757,33.7,86.45
874,0.757,33.7,83.61
999,0.757,33.7,81.68
1124,0.757,33.7,78.72
1249,0.757,33.7,76.34
1374,0.757,33.7,73.95
0,0.57,35.6,100.0
199,0.57,35.6,96.6
398,0.57,35.6,93.56
597,0.57,35.6,90.53
797,0.57,35.6,86.83
996,0.57,35.6,83.53
1195,0.57,35.6,80.34
1394,0.57,35.6,76.58
1594,0.57,35.6,73.26
1793,0.57,35.6,70.21
1992,0.57,35.6,66.05
2192,0.57,35.6,62.94
0,0.751,18.7,99.61
71,0.751,18.7,98.89
143,0.751,18.7,98.0
215,0.751,18.7,97.35
286,0.751,18.7,96.69
358,0.751,18.7,95.97
430,0.751,18.7,94.69
502,0.751,18.7,93.47
573,0.751,18.7,91.95
645,0.751,18.7,91.73
717,0.751,18.7,90.74
789,0.751,18.7,89.82
0,0.98,37.7,99.66
86,0.98,37.7,98.03
173,0.98,37.7,96.23
260,0.98,37.7,94.0
347,0.98,37.7,92.42
434,0.98,37.7,90.32
520,0.98,37.7,87.76
607,0.98,37.7,86.47
694,0.98,37.7,83.98
781,0.98,37.7,81.22
868,0.98,37.7,79.67
955,0.98,37.7,77.65
0,0.825,26.6,100.0
65,0.825,26.6,99.13
131,0.825,26.6,97.58
196,0.825,26.6,96.51
262,0.825,26.6,96.33
328,0.825,26.6,95.28
393,0.825,26.6,93.9
459,0.825,26.6,93.21
525,0.825,26.6,91.95
590,0.825,26.6,90.72
656,0.825,26.6,89.04
722,0.825,26.6,88.84
0,0.747,26.3,100.0
12,0.747,26.3,99.27
25,0.747,26.3,99.92
38,0.747,26.3,99.17
51,0.747,26.3,99.45
64,0.747,26.3,98.95
77,0.747,26.3,98.86
90,0.747,26.3,98.5
103,0.747,26.3,98.52
116,0.747,26.3,99.05
129,0.747,26.3,98.68
142,0.747,26.3,98.13
0,0.645,34.9,100.0
110,0.645,34.9,98.01
221,0.645,34.9,96.43
331,0.645,34.9,93.94
442,0.645,34.9,93.05
553,0.645,34.9,91.44
663,0.645,34.9,88.79
774,0.645,34.9,86.04
885,0.645,34.9,85.0
995,0.645,34.9,82.48
1106,0.645,34.9,80.54
1217,0.645,34.9,78.96
0,0.696,25.6,100.0
17,0.696,25.6,99.65
35,0.696,25.6,99.18
53,0.696,25.6,99.21
71,0.696,25.6,99.21
89,0.696,25.6,98.78
106,0.696,25.6,98.12
124,0.696,25.6,98.71
142,0.696,25.6,97.15
160,0.696,25.6,97.7
178,0.696,25.6,97.39
196,0.696,25.6,97.4
0,0.751,36.9,99.75
83,0.751,36.9,98.76
167,0.751,36.9,97.06
251,0.751,36.9,94.79
334,0.751,36.9,94.44
418,0.751,36.9,91.62
502,0.751,36.9,90.6
586,0.751,36.9,88.91
669,0.751,36.9,87.19
753,0.751,36.9,85.22
837,0.751,36.9,83.97
921,0.751,36.9,81.41
0,0.638,25.1,100.0
18,0.638,25.1,100.0
36,0.638,25.1,99.46
54,0.638,25.1,99.63
73,0.638,25.1,99.13
91,0.638,25.1,98.57
109,0.638,25.1,98.56
127,0.638,25.1,98.31
146,0.638,25.1,97.92
164,0.638,25.1,98.08
182,0.638,25.1,97.77
201,0.638,25.1,96.88
0,0.353,32.0,99.71
24,0.353,32.0,99.86
49,0.353,32.0,99.76
74,0.353,32.0,98.76
99,0.353,32.0,98.43
124,0.353,32.0,99.22
149,0.353,32.0,98.47
174,0.353,32.0,97.9
199,0.353,32.0,97.43
224,0.353,32.0,97.28
249,0.353,32.0,96.74
274,0.353,32.0,97.17
0,0.51,36.7,99.63
53,0.51,36.7,99.12
106,0.51,36.7,97.57
159,0.51,36.7,97.65
212,0.51,36.7,96.81
265,0.51,36.7,96.34
318,0.51,36.7,94.55
371,0.51,36.7,94.78
424,0.51,36.7,93.81
477,0.51,36.7,93.11
530,0.51,36.7,91.8
584,0.51,36.7,91.29
0,0.385,34.0,99.73
67,0.385,34.0,98.65
134,0.385,34.0,98.0
202,0.385,34.0,97.53
269,0.385,34.0,96.38
336,0.385,34.0,95.92
404,0.385,34.0,94.25
471,0.385,34.0,93.25
538,0.385,34.0,93.57
606,0.385,34.0,92.49
673,0.385,34.0,90.89
741,0.385,34.0,90.33
0,0.834,31.9,100.0
149,0.834,31.9,97.2
298,0.834,31.9,94.75
447,0.834,31.9,91.94
596,0.834,31.9,89.02
745,0.834,31.9,86.1
894,0.834,31.9,83.36
1043,0.834,31.9,80.42
1192,0.834,31.9,77.09
1341,0.834,31.9,74.77
1490,0.834,31.9,71.16
1640,0.834,31.9,68.41
0,0.597,31.5,99.26
36,0.597,31.5,99.84
72,0.597,31.5,98.79
109,0.597,31.5,98.93
145,0.597,31.5,97.81
181,0.597,31.5,97.43
218,0.597,31.5,97.56
254,0.597,31.5,96.25
290,0.597,31.5,96.24
327,0.597,31.5,95.26
363,0.597,31.5,94.84
400,0.597,31.5,94.15
0,0.803,24.2,99.78
60,0.803,24.2,99.23
121,0.803,24.2,98.24
182,0.803,24.2,97.67
242,0.803,24.2,96.98
303,0.803,24.2,95.25
364,0.803,24.2,94.4
425,0.803,24.2,93.21
485,0.803,24.2,93.49
546,0.803,24.2,91.93
607,0.803,24.2,91.03
668,0.803,24.2,89.43
0,0.65,32.6,99.91
92,0.65,32.6,99.03
185,0.65,32.6,98.01
278,0.65,32.6,95.37
371,0.65,32.6,93.82
464,0.65,32.6,92.33
556,0.65,32.6,91.67
649,0.65,32.6,89.9
742,0.65,32.6,87.91
835,0.65,32.6,86.38
928,0.65,32.6,84.48
1021,0.65,32.6,83.47
0,0.582,27.2,99.93
42,0.582,27.2,99.42
84,0.582,27.2,98.98
127,0.582,27.2,98.7
169,0.582,27.2,98.44
212,0.582,27.2,97.5
254,0.582,27.2,97.01
297,0.582,27.2,96.08
339,0.582,27.2,95.32
382,0.582,27.2,95.21
424,0.582,27.2,94.46
467,0.582,27.2,93.3
0,0.591,28.4,99.82
82,0.591,28.4,99.48
164,0.591,28.4,98.03
246,0.591,28.4,97.2
328,0.591,28.4,95.66
410,0.591,28.4,94.43
493,0.591,28.4,92.87
575,0.591,28.4,92.01
657,0.591,28.4,90.81
739,0.591,28.4,89.12
821,0.591,28.4,88.2
904,0.591,28.4,87.03
0,0.724,32.2,100.0
67,0.724,32.2,98.92
134,0.724,32.2,96.89
201,0.724,32.2,96.61
268,0.724,32.2,96.02
335,0.724,32.2,93.9
403,0.724,32.2,93.35
470,0.724,32.2,92.69
537,0.724,32.2,90.69
604,0.724,32.2,89.77
671,0.724,32.2,88.11
739,0.724,32.2,87.92
0,0.635,29.3,100.0
117,0.635,29.3,98.64
235,0.635,29.3,96.38
353,0.635,29.3,94.7
470,0.635,29.3,93.32
588,0.635,29.3,91.11
706,0.635,29.3,88.75
824,0.635,29.3,87.62
941,0.635,29.3,85.27
1059,0.635,29.3,84.48
1177,0.635,29.3,82.09
1295,0.635,29.3,79.82
0,0.524,15.8,100.0
148,0.524,15.8,99.42
296,0.524,15.8,97.43
445,0.524,15.8,95.63
593,0.524,15.8,93.98
741,0.524,15.8,92.25
890,0.524,15.8,91.74
1038,0.524,15.8,89.37
1186,0.524,15.8,88.59
1335,0.524,15.8,86.73
1483,0.524,15.8,84.03
1632,0.524,15.8,82.78
0,0.53,28.4,99.98
67,0.53,28.4,100.0
135,0.53,28.4,97.97
202,0.53,28.4,97.56
270,0.53,28.4,96.8
337,0.53,28.4,95.68
405,0.53,28.4,94.8
472,0.53,28.4,93.49
540,0.53,28.4,92.96
607,0.53,28.4,92.17
675,0.53,28.4,91.16
743,0.53,28.4,90.3
0,0.904,35.6,99.59
159,0.904,35.6,96.69
318,0.904,35.6,93.51
477,0.904,35.6,90.27
636,0.904,35.6,86.55
795,0.904,35.6,82.88
955,0.904,35.6,79.23
1114,0.904,35.6,75.5
1273,0.904,35.6,72.39
1432,0.904,35.6,68.34
1591,0.904,35.6,64.86
1751,0.904,35.6,61.39
0,0.41,31.7,100.0
127,0.41,31.7,98.33
254,0.41,31.7,96.79
382,0.41,31.7,95.49
509,0.41,31.7,93.4
637,0.41,31.7,91.69
764,0.41,31.7,90.69
892,0.41,31.7,88.87
1019,0.41,31.7,87.05
1147,0.41,31.7,85.42
1274,0.41,31.7,82.67
1402,0.41,31.7,82.07
0,0.721,36.1,100.0
96,0.721,36.1,98.29
192,0.721,36.1,96.79
288,0.721,36.1,94.78
384,0.721,36.1,93.4
480,0.721,36.1,90.71
577,0.721,36.1,89.22
673,0.721,36.1,88.26
769,0.721,36.1,85.46
865,0.721,36.1,83.71
961,0.721,36.1,81.59
1058,0.721,36.1,80.1
0,0.517,27.7,100.0
182,0.517,27.7,97.56
365,0.517,27.7,95.71
548,0.517,27.7,93.29
730,0.517,27.7,90.92
913,0.517,27.7,88.1
1096,0.517,27.7,86.65
1279,0.517,27.7,83.34
1461,0.517,27.7,80.53
1644,0.517,27.7,77.53
1827,0.517,27.7,75.2
2010,0.517,27.7,73.12
0,0.958,39.3,99.56
41,0.958,39.3,99.33
83,0.958,39.3,97.8
125,0.958,39.3,96.76
166,0.958,39.3,96.43
208,0.958,39.3,95.55
250,0.958,39.3,94.7
292,0.958,39.3,93.56
333,0.958,39.3,92.59
375,0.958,39.3,91.05
417,0.958,39.3,90.35
459,0.958,39.3,88.83
0,0.289,34.2,99.74
45,0.289,34.2,99.85
90,0.289,34.2,99.44
135,0.289,34.2,98.33
180,0.289,34.2,98.24
225,0.289,34.2,97.28
271,0.289,34.2,96.32
316,0.289,34.2,96.48
361,0.289,34.2,95.74
406,0.289,34.2,95.22
451,0.289,34.2,95.52
497,0.289,34.2,93.74
0,0.719,22.0,100.0
101,0.719,22.0,98.89
202,0.719,22.0,97.1
304,0.719,22.0,95.78
405,0.719,22.0,94.98
506,0.719,22.0,93.87
608,0.719,22.0,91.99
709,0.719,22.0,90.07
810,0.719,22.0,89.06
912,0.719,22.0,88.33
1013,0.719,22.0,86.05
1115,0.719,22.0,85.05
0,0.517,28.7,100.0
163,0.517,28.7,98.14
327,0.517,28.7,95.58
491,0.517,28.7,93.35
655,0.517,28.7,91.73
819,0.517,28.7,89.52
983,0.517,28.7,87.33
1147,0.517,28.7,85.11
1311,0.517,28.7,82.19
1475,0.517,28.7,79.68
1639,0.517,28.7,77.89
1803,0.517,28.7,75.29
0,0.473,21.8,99.94
10,0.473,21.8,99.9
21,0.473,21.8,100.0
32,0.473,21.8,99.97
43,0.473,21.8,100.0
54,0.473,21.8,98.81
65,0.473,21.8,99.46
76,0.473,21.8,99.51
87,0.473,21.8,98.62
98,0.473,21.8,98.81
109,0.473,21.8,98.63
120,0.473,21.8,98.82
0,0.943,43.2,99.71
188,0.943,43.2,95.69
377,0.943,43.2,90.87
566,0.943,43.2,85.85
755,0.943,43.2,80.81
944,0.943,43.2,75.66
1132,0.943,43.2,71.01
1321,0.943,43.2,65.6
1510,0.943,43.2,59.6
1699,0.943,43.2,54.97
1888,0.943,43.2,49.7
2077,0.943,43.2,44.17
0,0.854,30.3,100.0
93,0.854,30.3,97.78
187,0.854,30.3,96.82
280,0.854,30.3,94.95
374,0.854,30.3,93.05
468,0.854,30.3,92.23
561,0.854,30.3,90.18
655,0.854,30.3,88.22
749,0.854,30.3,86.26
842,0.854,30.3,84.79
936,0.854,30.3,83.23
1030,0.854,30.3,80.78
0,0.649,35.1,99.32
29,0.649,35.1,99.56
59,0.649,35.1,98.96
89,0.649,35.1,98.58
119,0.649,35.1,97.96
149,0.649,35.1,97.69
178,0.649,35.1,97.83
208,0.649,35.1,96.54
238,0.649,35.1,96.24
268,0.649,35.1,96.33
298,0.649,35.1,94.92
328,0.649,35.1,95.23
0,0.651,41.5,100.0
63,0.651,41.5,98.87
126,0.651,41.5,97.5
190,0.651,41.5,96.51
253,0.651,41.5,95.57
317,0.651,41.5,93.98
380,0.651,41.5,92.61
444,0.651,41.5,91.34
507,0.651,41.5,90.49
571,0.651,41.5,89.27
634,0.651,41.5,87.31
698,0.651,41.5,85.98
0,0.718,39.7,100.0
62,0.718,39.7,98.46
124,0.718,39.7,97.63
187,0.718,39.7,96.16
249,0.718,39.7,95.16
312,0.718,39.7,94.55
374,0.718,39.7,92.23
437,0.718,39.7,90.87
499,0.718,39.7,89.87
562,0.718,39.7,88.95
624,0.718,39.7,87.78
687,0.718,39.7,86.39
0,0.862,16.7,99.89
96,0.862,16.7,99.09
192,0.862,16.7,97.13
288,0.862,16.7,96.32
384,0.862,16.7,95.1
480,0.862,16.7,94.1
576,0.862,16.7,91.81
672,0.862,16.7,91.04
768,0.862,16.7,89.3
864,0.862,16.7,88.49
960,0.862,16.7,87.22
1056,0.862,16.7,86.03
0,0.554,35.5,100.0
168,0.554,35.5,96.94
337,0.554,35.5,95.05
505,0.554,35.5,92.44
674,0.554,35.5,89.22
842,0.554,35.5,86.08
1011,0.554,35.5,83.97
1179,0.554,35.5,80.36
1348,0.554,35.5,77.81
1516,0.554,35.5,74.95
1685,0.554,35.5,72.28
1854,0.554,35.5,68.86
0,0.527,29.7,100.0
53,0.527,29.7,98.84
106,0.527,29.7,98.8
159,0.527,29.7,97.61
212,0.527,29.7,97.64
265,0.527,29.7,96.23
318,0.527,29.7,95.6
371,0.527,29.7,94.9
424,0.527,29.7,94.34
477,0.527,29.7,93.74
530,0.527,29.7,93.05
584,0.527,29.7,92.11
0,0.411,34.1,99.98
186,0.411,34.1,98.07
372,0.411,34.1,94.92
558,0.411,34.1,92.05
744,0.411,34.1,89.99
930,0.411,34.1,87.82
1116,0.411,34.1,84.75
1302,0.411,34.1,81.94
1488,0.411,34.1,79.0
1674,0.411,34.1,77.19
1860,0.411,34.1,73.48
2046,0.411,34.1,70.83
0,0.753,16.0,100.0
188,0.753,16.0,98.17
376,0.753,16.0,95.76
564,0.753,16.0,93.15
753,0.753,16.0,90.43
941,0.753,16.0,88.33
1129,0.753,16.0,85.59
1317,0.753,16.0,83.63
1506,0.753,16.0,81.24
1694,0.753,16.0,78.97
1882,0.753,16.0,76.07
2071,0.753,16.0,73.72
0,0.597,25.7,100.0
123,0.597,25.7,98.37
246,0.597,25.7,97.0
370,0.597,25.7,94.88
493,0.597,25.7,93.27
616,0.597,25.7,92.1
740,0.597,25.7,90.47
863,0.597,25.7,88.09
986,0.597,25.7,86.93
1110,0.597,25.7,84.75
1233,0.597,25.7,83.18
1357,0.597,25.7,81.89
0,0.795,34.6,99.75
194,0.795,34.6,96.2
388,0.795,34.6,92.59
582,0.795,34.6,88.96
776,0.795,34.6,84.37
970,0.795,34.6,81.21
1164,0.795,34.6,77.14
1358,0.795,34.6,73.62
1552,0.795,34.6,69.46
1746,0.795,34.6,65.09
1940,0.795,34.6,61.45
2135,0.795,34.6,57.39
0,0.512,25.5,99.22
121,0.512,25.5,98.26
243,0.512,25.5,96.92
365,0.512,25.5,95.7
487,0.512,25.5,93.81
609,0.512,25.5,92.41
730,0.512,25.5,90.61
852,0.512,25.5,89.52
974,0.512,25.5,88.02
1096,0.512,25.5,86.41
1218,0.512,25.5,84.67
1340,0.512,25.5,82.5
0,0.538,26.1,100.0
57,0.538,26.1,99.86
114,0.538,26.1,98.96
171,0.538,26.1,97.63
229,0.538,26.1,97.48
286,0.538,26.1,96.74
343,0.538,26.1,95.51
400,0.538,26.1,95.35
458,0.538,26.1,94.24
515,0.538,26.1,93.05
572,0.538,26.1,92.95
630,0.538,26.1,92.1
0,0.609,28.7,99.75
38,0.609,28.7,99.74
76,0.609,28.7,99.01
114,0.609,28.7,98.56
152,0.609,28.7,98.1
190,0.609,28.7,97.04
228,0.609,28.7,96.59
266,0.609,28.7,95.59
304,0.609,28.7,96.01
342,0.609,28.7,94.84
380,0.609,28.7,94.75
418,0.609,28.7,94.28
0,0.758,20.6,100.0
58,0.758,20.6,99.91
117,0.758,20.6,98.9
175,0.758,20.6,97.91
234,0.758,20.6,96.65
293,0.758,20.6,96.46
351,0.758,20.6,95.36
410,0.758,20.6,94.8
469,0.758,20.6,93.56
527,0.758,20.6,92.91
586,0.758,20.6,92.2
645,0.758,20.6,91.4
0,0.739,24.9,99.53
151,0.739,24.9,98.52
302,0.739,24.9,96.62
453,0.739,24.9,93.65
605,0.739,24.9,90.72
756,0.739,24.9,88.59
907,0.739,24.9,86.69
1058,0.739,24.9,84.61
1210,0.739,24.9,81.31
1361,0.739,24.9,79.3
1512,0.739,24.9,76.99
1664,0.739,24.9,74.79
0,0.588,18.1,100.0
155,0.588,18.1,98.37
311,0.588,18.1,96.82
466,0.588,18.1,94.76
622,0.588,18.1,92.83
778,0.588,18.1,91.66
933,0.588,18.1,89.61
1089,0.588,18.1,87.79
1245,0.588,18.1,86.28
1400,0.588,18.1,83.51
1556,0.588,18.1,81.8
1712,0.588,18.1,80.15
0,0.548,34.5,99.93
13,0.548,34.5,99.49
26,0.548,34.5,99.68
39,0.548,34.5,99.54
52,0.548,34.5,99.62
65,0.548,34.5,99.25
79,0.548,34.5,99.07
92,0.548,34.5,98.83
105,0.548,34.5,98.46
118,0.548,34.5,98.08
131,0.548,34.5,98.24
145,0.548,34.5,97.81
0,0.954,38.4,100.0
192,0.954,38.4,95.81
385,0.954,38.4,90.92
577,0.954,38.4,86.71
770,0.954,38.4,82.15
963,0.954,38.4,77.46
1155,0.954,38.4,72.78
1348,0.954,38.4,68.12
1541,0.954,38.4,62.7
1733,0.954,38.4,57.84
1926,0.954,38.4,53.67
2119,0.954,38.4,48.49
0,0.58,28.2,99.96
134,0.58,28.2,98.3
268,0.58,28.2,96.63
402,0.58,28.2,95.47
536,0.58,28.2,92.74
670,0.58,28.2,90.98
805,0.58,28.2,88.19
939,0.58,28.2,86.64
1073,0.58,28.2,85.25
1207,0.58,28.2,82.97
1341,0.58,28.2,79.29
1476,0.58,28.2,79.03
0,0.98,15.0,99.03
129,0.98,15.0,98.67
258,0.98,15.0,96.56
388,0.98,15.0,93.91
517,0.98,15.0,93.03
646,0.98,15.0,91.4
776,0.98,15.0,89.21
905,0.98,15.0,87.38
1034,0.98,15.0,85.1
1164,0.98,15.0,82.64
1293,0.98,15.0,81.59
1423,0.98,15.0,79.98
0,0.853,15.1,99.47
71,0.853,15.1,98.89
142,0.853,15.1,97.76
214,0.853,15.1,97.42
285,0.853,15.1,96.64
357,0.853,15.1,95.07
428,0.853,15.1,94.91
500,0.853,15.1,93.89
571,0.853,15.1,92.55
643,0.853,15.1,91.71
714,0.853,15.1,90.14
786,0.853,15.1,89.73
0,0.651,30.2,100.0
121,0.651,30.2,98.2
243,0.651,30.2,96.56
365,0.651,30.2,94.92
487,0.651,30.2,92.62
609,0.651,30.2,90.81
731,0.651,30.2,88.67
853,0.651,30.2,86.53
975,0.651,30.2,84.94
1097,0.651,30.2,82.56
1219,0.651,30.2,80.87
1341,0.651,30.2,78.72
0,0.595,26.7,99.82
181,0.595,26.7,97.13
363,0.595,26.7,95.37
544,0.595,26.7,92.8
726,0.595,26.7,90.43
907,0.595,26.7,87.35
1089,0.595,26.7,85.56
1270,0.595,26.7,82.12
1452,0.595,26.7,79.27
1633,0.595,26.7,76.55
1815,0.595,26.7,73.58
1997,0.595,26.7,71.99
0,0.897,33.2,100.0
95,0.897,33.2,98.17
191,0.897,33.2,96.36
286,0.897,33.2,95.08
382,0.897,33.2,92.89
478,0.897,33.2,91.48
573,0.897,33.2,88.85
669,0.897,33.2,86.64
765,0.897,33.2,84.56
860,0.897,33.2,82.14
956,0.897,33.2,80.66
1052,0.897,33.2,79.13
0,0.758,29.1,99.65
137,0.758,29.1,98.01
275,0.758,29.1,96.06
413,0.758,29.1,93.57
551,0.758,29.1,91.15
689,0.758,29.1,88.46
827,0.758,29.1,86.66
965,0.758,29.1,82.86
1103,0.758,29.1,81.68
1241,0.758,29.1,80.01
1379,0.758,29.1,76.14
1517,0.758,29.1,74.12
0,0.649,25.8,100.0
125,0.649,25.8,98.46
250,0.649,25.8,96.98
375,0.649,25.8,94.95
501,0.649,25.8,94.26
626,0.649,25.8,91.4
751,0.649,25.8,89.59
876,0.649,25.8,87.09
1002,0.649,25.8,85.63
1127,0.649,25.8,84.36
1252,0.649,25.8,81.61
1378,0.649,25.8,79.43
0,0.656,38.6,100.0
164,0.656,38.6,97.05
328,0.656,38.6,93.48
493,0.656,38.6,91.15
657,0.656,38.6,88.05
822,0.656,38.6,83.96
986,0.656,38.6,81.74
1151,0.656,38.6,78.32
1315,0.656,38.6,75.15
1480,0.656,38.6,71.62
1644,0.656,38.6,68.31
1809,0.656,38.6,64.9
0,0.806,16.3,99.74
72,0.806,16.3,99.14
145,0.806,16.3,98.43
217,0.806,16.3,97.51
290,0.806,16.3,96.85
363,0.806,16.3,95.92
435,0.806,16.3,94.28
508,0.806,16.3,93.71
581,0.806,16.3,92.37
653,0.806,16.3,91.64
726,0.806,16.3,90.84
799,0.806,16.3,88.56
0,0.98,33.0,99.79
99,0.98,33.0,98.8
198,0.98,33.0,96.0
298,0.98,33.0,94.09
397,0.98,33.0,91.79
496,0.98,33.0,90.42
596,0.98,33.0,87.64
695,0.98,33.0,85.57
794,0.98,33.0,83.77
894,0.98,33.0,81.34
993,0.98,33.0,78.92
1093,0.98,33.0,77.09
0,0.98,31.2,100.0
111,0.98,31.2,98.43
222,0.98,31.2,95.59
333,0.98,31.2,93.47
444,0.98,31.2,90.76
555,0.98,31.2,88.59
667,0.98,31.2,86.48
778,0.98,31.2,84.3
889,0.98,31.2,82.58
1000,0.98,31.2,79.77
1111,0.98,31.2,76.88
1223,0.98,31.2,74.53
0,0.897,36.9,100.0
55,0.897,36.9,98.8
111,0.897,36.9,98.22
167,0.897,36.9,96.31
223,0.897,36.9,95.61
279,0.897,36.9,95.06
334,0.897,36.9,93.15
390,0.897,36.9,91.58
446,0.897,36.9,90.76
502,0.897,36.9,89.21
558,0.897,36.9,87.64
614,0.897,36.9,87.12
0,0.851,26.8,99.66
76,0.851,26.8,98.82
152,0.851,26.8,97.46
228,0.851,26.8,96.06
304,0.851,26.8,95.81
380,0.851,26.8,94.03
456,0.851,26.8,92.77
532,0.851,26.8,91.57
608,0.851,26.8,90.22
684,0.851,26.8,88.48
760,0.851,26.8,87.39
837,0.851,26.8,85.85
0,0.729,31.4,99.87
163,0.729,31.4,96.99
327,0.729,31.4,94.76
490,0.729,31.4,91.83
654,0.729,31.4,88.38
817,0.729,31.4,86.33
981,0.729,31.4,83.56
1144,0.729,31.4,81.17
1308,0.729,31.4,77.17
1471,0.729,31.4,74.14
1635,0.729,31.4,70.93
1799,0.729,31.4,68.36
0,0.686,23.3,99.31
147,0.686,23.3,98.48
295,0.686,23.3,95.89
443,0.686,23.3,94.11
591,0.686,23.3,91.54
739,0.686,23.3,89.73
887,0.686,23.3,87.71
1035,0.686,23.3,85.66
1183,0.686,23.3,83.67
1331,0.686,23.3,81.83
1479,0.686,23.3,79.4
1627,0.686,23.3,77.28
0,0.91,33.0,99.99
107,0.91,33.0,98.41
215,0.91,33.0,96.34
323,0.91,33.0,94.04
431,0.91,33.0,91.12
539,0.91,33.0,89.12
647,0.91,33.0,87.08
755,0.91,33.0,85.19
863,0.91,33.0,82.64
971,0.91,33.0,80.75
1079,0.91,33.0,78.52
1187,0.91,33.0,76.16
0,0.867,21.7,99.84
16,0.867,21.7,99.97
32,0.867,21.7,99.37
48,0.867,21.7,98.79
64,0.867,21.7,99.05
80,0.867,21.7,99.38
96,0.867,21.7,98.85
112,0.867,21.7,99.17
128,0.867,21.7,98.29
144,0.867,21.7,98.86
160,0.867,21.7,97.83
177,0.867,21.7,97.52
0,0.42,36.8,99.82
25,0.42,36.8,99.47
50,0.42,36.8,99.82
76,0.42,36.8,99.43
101,0.42,36.8,99.08
126,0.42,36.8,98.21
152,0.42,36.8,97.96
177,0.42,36.8,97.61
202,0.42,36.8,97.55
228,0.42,36.8,97.45
253,0.42,36.8,96.68
279,0.42,36.8,96.87
0,0.811,27.4,100.0
85,0.811,27.4,99.45
171,0.811,27.4,97.81
256,0.811,27.4,96.02
342,0.811,27.4,94.52
427,0.811,27.4,93.38
513,0.811,27.4,92.32
598,0.811,27.4,90.44
684,0.811,27.4,88.98
769,0.811,27.4,87.37
855,0.811,27.4,85.75
941,0.811,27.4,84.31
0,0.674,41.0,99.92
74,0.674,41.0,98.7
149,0.674,41.0,96.95
224,0.674,41.0,96.03
299,0.674,41.0,94.77
374,0.674,41.0,93.34
448,0.674,41.0,91.34
523,0.674,41.0,89.92
598,0.674,41.0,88.12
673,0.674,41.0,86.79
748,0.674,41.0,85.15
823,0.674,41.0,83.48
0,0.675,32.2,99.92
57,0.675,32.2,99.77
115,0.675,32.2,99.23
172,0.675,32.2,96.95
230,0.675,32.2,96.0
287,0.675,32.2,95.17
345,0.675,32.2,94.51
402,0.675,32.2,93.91
460,0.675,32.2,92.83
517,0.675,32.2,91.72
575,0.675,32.2,90.86
633,0.675,32.2,89.44
0,0.606,28.9,99.45
32,0.606,28.9,99.2
64,0.606,28.9,98.79
97,0.606,28.9,99.01
129,0.606,28.9,98.38
161,0.606,28.9,98.07
194,0.606,28.9,96.74
226,0.606,28.9,96.41
258,0.606,28.9,96.71
291,0.606,28.9,95.03
323,0.606,28.9,95.97
356,0.606,28.9,94.42
0,0.802,22.8,100.0
11,0.802,22.8,99.07
23,0.802,22.8,99.96
35,0.802,22.8,98.92
47,0.802,22.8,99.55
59,0.802,22.8,99.16
71,0.802,22.8,99.12
83,0.802,22.8,98.59
95,0.802,22.8,99.01
107,0.802,22.8,98.06
119,0.802,22.8,98.84
131,0.802,22.8,98.09
0,0.398,40.2,99.98
24,0.398,40.2,100.0
49,0.398,40.2,99.78
74,0.398,40.2,98.72
99,0.398,40.2,98.61
124,0.398,40.2,98.32
148,0.398,40.2,98.46
173,0.398,40.2,97.71
198,0.398,40.2,97.25
223,0.398,40.2,96.75
248,0.398,40.2,96.42
273,0.398,40.2,96.52
0,0.651,26.2,99.81
100,0.651,26.2,98.23
201,0.651,26.2,97.08
302,0.651,26.2,96.45
403,0.651,26.2,94.41
504,0.651,26.2,93.27
605,0.651,26.2,90.68
706,0.651,26.2,90.26
807,0.651,26.2,88.51
908,0.651,26.2,86.89
1009,0.651,26.2,85.6
1110,0.651,26.2,83.84
0,0.268,35.5,100.0
74,0.268,35.5,99.11
148,0.268,35.5,98.05
222,0.268,35.5,97.02
296,0.268,35.5,96.75
370,0.268,35.5,96.36
444,0.268,35.5,94.97
518,0.268,35.5,93.52
592,0.268,35.5,93.18
666,0.268,35.5,92.18
740,0.268,35.5,91.59
814,0.268,35.5,90.58
0,0.25,32.8,99.5
59,0.25,32.8,99.37
118,0.25,32.8,98.97
177,0.25,32.8,97.64
236,0.25,32.8,97.83
295,0.25,32.8,97.21
354,0.25,32.8,96.31
413,0.25,32.8,95.34
472,0.25,32.8,94.64
531,0.25,32.8,94.69
590,0.25,32.8,93.13
650,0.25,32.8,93.36
0,0.62,28.3,99.4
144,0.62,28.3,98.04
289,0.62,28.3,96.24
433,0.62,28.3,93.46
578,0.62,28.3,91.95
723,0.62,28.3,89.63
867,0.62,28.3,87.18
1012,0.62,28.3,85.49
1157,0.62,28.3,82.18
1301,0.62,28.3,80.84
1446,0.62,28.3,79.02
1591,0.62,28.3,76.68
0,0.72,26.9,99.89
194,0.72,26.9,97.44
389,0.72,26.9,94.01
584,0.72,26.9,91.52
778,0.72,26.9,88.93
973,0.72,26.9,85.03
1168,0.72,26.9,81.42
1363,0.72,26.9,78.24
1557,0.72,26.9,75.79
1752,0.72,26.9,72.27
1947,0.72,26.9,69.35
2142,0.72,26.9,65.59
0,0.8,27.9,99.74
106,0.8,27.9,98.28
212,0.8,27.9,96.3
319,0.8,27.9,95.66
425,0.8,27.9,93.16
531,0.8,27.9,91.63
638,0.8,27.9,89.39
744,0.8,27.9,87.38
850,0.8,27.9,85.83
957,0.8,27.9,84.43
1063,0.8,27.9,82.0
1170,0.8,27.9,79.99
0,0.678,32.5,100.0
180,0.678,32.5,97.44
361,0.678,32.5,94.47
542,0.678,32.5,90.74
722,0.678,32.5,87.7
903,0.678,32.5,84.49
1084,0.678,32.5,81.2
1265,0.678,32.5,78.72
1445,0.678,32.5,75.32
1626,0.678,32.5,71.97
1807,0.678,32.5,67.75
1988,0.678,32.5,66.07
0,0.489,43.4,99.49
50,0.489,43.4,98.94
101,0.489,43.4,97.6
152,0.489,43.4,97.62
203,0.489,43.4,96.22
254,0.489,43.4,95.32
304,0.489,43.4,94.33
355,0.489,43.4,94.16
406,0.489,43.4,93.21
457,0.489,43.4,92.67
508,0.489,43.4,90.86
559,0.489,43.4,90.23
0,0.418,26.7,100.0
35,0.418,26.7,100.0
70,0.418,26.7,99.63
105,0.418,26.7,98.61
140,0.418,26.7,98.87
175,0.418,26.7,98.12
210,0.418,26.7,97.62
245,0.418,26.7,97.09
280,0.418,26.7,96.74
315,0.418,26.7,97.15
350,0.418,26.7,96.24
385,0.418,26.7,95.79
0,0.603,46.1,100.0
158,0.603,46.1,96.66
317,0.603,46.1,93.5
475,0.603,46.1,90.13
634,0.603,46.1,86.79
793,0.603,46.1,82.98
951,0.603,46.1,79.86
1110,0.603,46.1,76.63
1269,0.603,46.1,72.06
1427,0.603,46.1,68.53
1586,0.603,46.1,65.1
1745,0.603,46.1,61.46
0,0.98,36.0,99.91
123,0.98,36.0,97.38
247,0.98,36.0,94.26
371,0.98,36.0,92.26
495,0.98,36.0,89.32
619,0.98,36.0,86.73
743,0.98,36.0,83.3
867,0.98,36.0,80.4
991,0.98,36.0,77.57
1115,0.98,36.0,74.86
1239,0.98,36.0,71.05
1363,0.98,36.0,68.83
0,0.646,21.6,99.27
119,0.646,21.6,98.57
238,0.646,21.6,97.65
358,0.646,21.6,96.21
477,0.646,21.6,94.21
597,0.646,21.6,93.2
716,0.646,21.6,90.92
836,0.646,21.6,89.67
955,0.646,21.6,87.58
1075,0.646,21.6,85.93
1194,0.646,21.6,84.25
1314,0.646,21.6,82.13
0,0.882,24.5,99.59
68,0.882,24.5,98.95
137,0.882,24.5,98.58
206,0.882,24.5,97.6
275,0.882,24.5,95.18
344,0.882,24.5,94.51
413,0.882,24.5,93.14
482,0.882,24.5,92.7
551,0.882,24.5,91.3
620,0.882,24.5,89.82
689,0.882,24.5,88.9
758,0.882,24.5,87.54
0,0.941,32.8,100.0
145,0.941,32.8,96.35
290,0.941,32.8,94.36
435,0.941,32.8,92.13
580,0.941,32.8,88.83
725,0.941,32.8,84.65
870,0.941,32.8,82.09
1015,0.941,32.8,78.65
1160,0.941,32.8,76.52
1305,0.941,32.8,72.83
1450,0.941,32.8,69.29
1595,0.941,32.8,66.37
0,0.25,21.4,100.0
173,0.25,21.4,97.96
347,0.25,21.4,97.05
521,0.25,21.4,96.04
694,0.25,21.4,93.66
868,0.25,21.4,92.7
1042,0.25,21.4,91.09
1216,0.25,21.4,90.09
1389,0.25,21.4,87.84
1563,0.25,21.4,86.26
1737,0.25,21.4,85.02
1911,0.25,21.4,82.64
0,0.61,25.8,99.95
76,0.61,25.8,99.38
153,0.61,25.8,98.28
230,0.61,25.8,96.81
307,0.61,25.8,96.08
384,0.61,25.8,95.5
461,0.61,25.8,93.63
538,0.61,25.8,92.9
615,0.61,25.8,91.7
692,0.61,25.8,90.66
769,0.61,25.8,89.02
846,0.61,25.8,88.99
0,0.511,36.2,99.78
77,0.511,36.2,99.36
155,0.511,36.2,98.12
233,0.511,36.2,96.65
311,0.511,36.2,95.64
389,0.511,36.2,94.04
466,0.511,36.2,92.92
544,0.511,36.2,91.44
622,0.511,36.2,90.73
700,0.511,36.2,88.91
778,0.511,36.2,88.4
856,0.511,36.2,86.49
0,0.654,34.3,100.0
111,0.654,34.3,98.19
222,0.654,34.3,96.45
334,0.654,34.3,94.88
445,0.654,34.3,92.42
557,0.654,34.3,90.66
668,0.654,34.3,88.75
780,0.654,34.3,87.06
891,0.654,34.3,84.74
1003,0.654,34.3,83.39
1114,0.654,34.3,80.7
1226,0.654,34.3,78.63
0,0.619,19.8,99.81
108,0.619,19.8,99.23
217,0.619,19.8,97.56
325,0.619,19.8,96.12
434,0.619,19.8,95.4
543,0.619,19.8,94.18
651,0.619,19.8,92.74
760,0.619,19.8,90.64
869,0.619,19.8,89.4
977,0.619,19.8,88.84
1086,0.619,19.8,86.9
1195,0.619,19.8,85.33
0,0.779,36.1,99.8
163,0.779,36.1,97.14
326,0.779,36.1,94.24
489,0.779,36.1,90.28
652,0.779,36.1,87.41
815,0.779,36.1,83.69
978,0.779,36.1,80.38
1141,0.779,36.1,77.14
1304,0.779,36.1,74.09
1467,0.779,36.1,70.38
1630,0.779,36.1,66.81
1793,0.779,36.1,63.58
0,0.444,32.0,99.97
27,0.444,32.0,99.63
54,0.444,32.0,99.5
82,0.444,32.0,98.32
109,0.444,32.0,98.87
137,0.444,32.0,99.42
164,0.444,32.0,97.94
192,0.444,32.0,97.58
219,0.444,32.0,97.53
247,0.444,32.0,97.47
274,0.444,32.0,96.88
302,0.444,32.0,95.42
0,0.751,47.0,100.0
94,0.751,47.0,97.54
188,0.751,47.0,95.84
282,0.751,47.0,93.03
377,0.751,47.0,91.58
471,0.751,47.0,88.49
565,0.751,47.0,86.49
659,0.751,47.0,83.79
754,0.751,47.0,81.49
848,0.751,47.0,79.79
942,0.751,47.0,76.89
1037,0.751,47.0,74.2
0,0.444,15.9,100.0
21,0.444,15.9,100.0
42,0.444,15.9,99.47
64,0.444,15.9,100.0
85,0.444,15.9,99.04
106,0.444,15.9,99.02
128,0.444,15.9,98.53
149,0.444,15.9,99.07
170,0.444,15.9,99.27
192,0.444,15.9,97.72
213,0.444,15.9,98.02
235,0.444,15.9,98.38
0,0.39,33.0,100.0
145,0.39,33.0,98.32
290,0.39,33.0,96.65
435,0.39,33.0,95.19
580,0.39,33.0,93.34
725,0.39,33.0,90.7
871,0.39,33.0,88.56
1016,0.39,33.0,86.45
1161,0.39,33.0,85.13
1306,0.39,33.0,82.31
1451,0.39,33.0,80.68
1597,0.39,33.0,78.77
0,0.559,31.0,99.96
55,0.559,31.0,99.15
110,0.559,31.0,98.91
166,0.559,31.0,97.85
221,0.559,31.0,97.49
277,0.559,31.0,96.24
332,0.559,31.0,95.29
388,0.559,31.0,93.94
443,0.559,31.0,93.18
499,0.559,31.0,92.27
554,0.559,31.0,92.23
610,0.559,31.0,90.78
0,0.876,29.2,99.91
198,0.876,29.2,96.38
396,0.876,29.2,93.34
594,0.876,29.2,89.19
792,0.876,29.2,85.42
990,0.876,29.2,82.42
1189,0.876,29.2,78.31
1387,0.876,29.2,74.27
1585,0.876,29.2,70.72
1783,0.876,29.2,66.62
1981,0.876,29.2,62.85
2180,0.876,29.2,58.48
0,0.98,24.9,99.93
151,0.98,24.9,97.84
303,0.98,24.9,95.19
455,0.98,24.9,92.64
606,0.98,24.9,89.21
758,0.98,24.9,87.1
910,0.98,24.9,84.57
1062,0.98,24.9,81.0
1213,0.98,24.9,78.27
1365,0.98,24.9,75.2
1517,0.98,24.9,72.38
1669,0.98,24.9,70.2
0,0.469,22.4,100.0
43,0.469,22.4,99.81
87,0.469,22.4,99.88
130,0.469,22.4,98.53
174,0.469,22.4,98.26
217,0.469,22.4,97.52
261,0.469,22.4,97.33
304,0.469,22.4,96.18
348,0.469,22.4,96.56
391,0.469,22.4,95.95
435,0.469,22.4,95.32
479,0.469,22.4,94.71
0,0.489,34.1,100.0
10,0.489,34.1,100.0
20,0.489,34.1,100.0
30,0.489,34.1,99.1
41,0.489,34.1,99.3
51,0.489,34.1,99.5
61,0.489,34.1,99.19
71,0.489,34.1,98.59
82,0.489,34.1,99.07
92,0.489,34.1,98.79
102,0.489,34.1,99.33
113,0.489,34.1,98.42
0,0.86,20.1,99.64
144,0.86,20.1,98.33
289,0.86,20.1,96.39
434,0.86,20.1,93.55
579,0.86,20.1,91.73
724,0.86,20.1,89.04
868,0.86,20.1,87.27
1013,0.86,20.1,85.39
1158,0.86,20.1,82.7
1303,0.86,20.1,80.5
1448,0.86,20.1,77.92
1593,0.86,20.1,75.8
0,0.966,29.5,99.89
83,0.966,29.5,98.01
167,0.966,29.5,96.67
251,0.966,29.5,95.91
335,0.966,29.5,93.77
419,0.966,29.5,92.85
503,0.966,29.5,90.5
587,0.966,29.5,88.86
671,0.966,29.5,87.41
755,0.966,29.5,84.56
839,0.966,29.5,83.87
923,0.966,29.5,82.08
0,0.917,35.8,99.6
193,0.917,35.8,96.59
387,0.917,35.8,91.92
581,0.917,35.8,87.44
775,0.917,35.8,83.5
969,0.917,35.8,78.98
1162,0.917,35.8,75.19
1356,0.917,35.8,70.31
1550,0.917,35.8,65.77
1744,0.917,35.8,61.49
1938,0.917,35.8,57.01
2132,0.917,35.8,52.34
0,0.906,33.3,100.0
62,0.906,33.3,98.87
124,0.906,33.3,97.74
186,0.906,33.3,97.13
248,0.906,33.3,95.87
310,0.906,33.3,94.06
372,0.906,33.3,92.65
434,0.906,33.3,92.06
496,0.906,33.3,90.55
558,0.906,33.3,89.1
620,0.906,33.3,87.59
683,0.906,33.3,86.5
0,0.646,24.3,100.0
3,0.646,24.3,100.0
7,0.646,24.3,99.79
11,0.646,24.3,100.0
15,0.646,24.3,100.0
19,0.646,24.3,100.0
22,0.646,24.3,99.65
26,0.646,24.3,99.97
30,0.646,24.3,99.68
34,0.646,24.3,99.17
38,0.646,24.3,99.79
42,0.646,24.3,99.56
0,0.98,39.2,100.0
66,0.98,39.2,98.65
132,0.98,39.2,96.74
199,0.98,39.2,94.92
265,0.98,39.2,93.65
332,0.98,39.2,92.33
398,0.98,39.2,90.0
465,0.98,39.2,88.9
531,0.98,39.2,87.37
598,0.98,39.2,85.72
664,0.98,39.2,83.91
731,0.98,39.2,82.34
0,0.96,33.6,99.8
159,0.96,33.6,96.89
318,0.96,33.6,93.61
477,0.96,33.6,89.96
636,0.96,33.6,86.51
795,0.96,33.6,83.65
954,0.96,33.6,79.62
1113,0.96,33.6,75.83
1272,0.96,33.6,72.62
1431,0.96,33.6,69.07
1590,0.96,33.6,64.71
1750,0.96,33.6,61.73
0,0.806,32.2,100.0
190,0.806,32.2,97.28
381,0.806,32.2,94.28
571,0.806,32.2,90.01
762,0.806,32.2,86.17
952,0.806,32.2,82.8
1143,0.806,32.2,78.55
1333,0.806,32.2,75.06
1524,0.806,32.2,71.03
1714,0.806,32.2,67.62
1905,0.806,32.2,63.44
2096,0.806,32.2,59.59
0,0.724,28.0,99.33
96,0.724,28.0,98.14
192,0.724,28.0,96.8
288,0.724,28.0,95.41
385,0.724,28.0,94.33
481,0.724,28.0,92.74
577,0.724,28.0,91.49
673,0.724,28.0,89.82
770,0.724,28.0,88.34
866,0.724,28.0,86.6
962,0.724,28.0,84.87
1059,0.724,28.0,83.57
0,0.815,31.6,99.18
145,0.815,31.6,97.48
291,0.815,31.6,94.86
437,0.815,31.6,92.7
582,0.815,31.6,90.14
728,0.815,31.6,86.32
874,0.815,31.6,84.54
1020,0.815,31.6,80.83
1165,0.815,31.6,78.03
1311,0.815,31.6,75.5
1457,0.815,31.6,72.6
1603,0.815,31.6,69.29
0,0.767,33.8,100.0
69,0.767,33.8,98.73
139,0.767,33.8,97.65
209,0.767,33.8,96.4
278,0.767,33.8,95.75
348,0.767,33.8,92.87
418,0.767,33.8,92.23
488,0.767,33.8,91.25
557,0.767,33.8,89.57
627,0.767,33.8,88.53
697,0.767,33.8,87.24
767,0.767,33.8,85.71
0,0.662,33.4,99.84
7,0.662,33.4,99.85
15,0.662,33.4,99.79
22,0.662,33.4,99.08
30,0.662,33.4,99.73
37,0.662,33.4,99.31
45,0.662,33.4,99.79
52,0.662,33.4,99.45
60,0.662,33.4,99.53
67,0.662,33.4,98.65
75,0.662,33.4,98.75
83,0.662,33.4,98.32
0,0.523,37.8,100.0
78,0.523,37.8,98.46
157,0.523,37.8,97.47
236,0.523,37.8,96.34
315,0.523,37.8,95.29
394,0.523,37.8,93.17
473,0.523,37.8,91.9
552,0.523,37.8,91.31
631,0.523,37.8,89.12
710,0.523,37.8,88.3
789,0.523,37.8,87.16
868,0.523,37.8,85.89
0,0.624,26.4,100.0
97,0.624,26.4,98.56
194,0.624,26.4,97.5
291,0.624,26.4,96.28
388,0.624,26.4,95.39
485,0.624,26.4,93.69
582,0.624,26.4,92.45
679,0.624,26.4,90.41
776,0.624,26.4,89.03
873,0.624,26.4,87.71
970,0.624,26.4,86.32
1067,0.624,26.4,84.58
0,0.878,35.2,99.89
88,0.878,35.2,98.6
177,0.878,35.2,96.7
265,0.878,35.2,95.09
354,0.878,35.2,92.54
443,0.878,35.2,91.1
531,0.878,35.2,89.28
620,0.878,35.2,87.63
709,0.878,35.2,85.29
797,0.878,35.2,82.74
886,0.878,35.2,81.3
975,0.878,35.2,79.73
0,0.661,40.8,100.0
59,0.661,40.8,98.97
119,0.661,40.8,98.25
179,0.661,40.8,96.51
239,0.661,40.8,95.51
299,0.661,40.8,94.0
359,0.661,40.8,93.68
419,0.661,40.8,92.12
479,0.661,40.8,90.53
539,0.661,40.8,89.52
599,0.661,40.8,88.52
659,0.661,40.8,87.02
0,0.554,24.4,100.0
13,0.554,24.4,99.74
27,0.554,24.4,99.56
41,0.554,24.4,99.09
55,0.554,24.4,99.43
69,0.554,24.4,99.17
82,0.554,24.4,98.97
96,0.554,24.4,98.99
110,0.554,24.4,99.02
124,0.554,24.4,98.83
138,0.554,24.4,98.61
152,0.554,24.4,98.17
0,0.548,21.7,100.0
22,0.548,21.7,99.51
44,0.548,21.7,99.59
67,0.548,21.7,98.97
89,0.548,21.7,98.49
111,0.548,21.7,99.11
134,0.548,21.7,98.4
156,0.548,21.7,98.02
178,0.548,21.7,97.68
201,0.548,21.7,97.95
223,0.548,21.7,98.03
246,0.548,21.7,97.14
0,0.611,36.5,99.37
22,0.611,36.5,100.0
45,0.611,36.5,100.0
68,0.611,36.5,98.02
90,0.611,36.5,98.58
113,0.611,36.5,97.98
136,0.611,36.5,97.77
159,0.611,36.5,97.33
181,0.611,36.5,97.39
204,0.611,36.5,96.68
227,0.611,36.5,96.01
250,0.611,36.5,95.88
0,0.743,20.7,100.0
20,0.743,20.7,99.55
41,0.743,20.7,99.47
61,0.743,20.7,99.14
82,0.743,20.7,99.2
103,0.743,20.7,99.37
123,0.743,20.7,98.69
144,0.743,20.7,97.68
165,0.743,20.7,97.46
185,0.743,20.7,97.54
206,0.743,20.7,97.31
227,0.743,20.7,96.52
0,0.797,21.4,100.0
145,0.797,21.4,98.74
290,0.797,21.4,95.98
435,0.797,21.4,94.13
580,0.797,21.4,91.42
725,0.797,21.4,89.91
870,0.797,21.4,87.35
1015,0.797,21.4,84.95
1160,0.797,21.4,83.02
1305,0.797,21.4,80.73
1450,0.797,21.4,78.55
1595,0.797,21.4,76.75
0,0.509,41.1,100.0
65,0.509,41.1,98.65
130,0.509,41.1,97.94
195,0.509,41.1,96.67
260,0.509,41.1,95.61
325,0.509,41.1,94.88
390,0.509,41.1,93.98
455,0.509,41.1,92.72
520,0.509,41.1,91.01
585,0.509,41.1,90.05
650,0.509,41.1,88.54
716,0.509,41.1,87.27
0,0.444,25.9,100.0
88,0.444,25.9,98.41
177,0.444,25.9,98.07
265,0.444,25.9,97.61
354,0.444,25.9,96.44
442,0.444,25.9,94.8
531,0.444,25.9,93.46
619,0.444,25.9,93.05
708,0.444,25.9,91.0
796,0.444,25.9,91.13
885,0.444,25.9,89.57
974,0.444,25.9,89.19
0,0.339,35.4,99.88
156,0.339,35.4,97.67
312,0.339,35.4,96.38
469,0.339,35.4,94.37
625,0.339,35.4,92.69
781,0.339,35.4,90.33
938,0.339,35.4,87.64
1094,0.339,35.4,85.37
1250,0.339,35.4,83.09
1407,0.339,35.4,81.91
1563,0.339,35.4,78.96
1720,0.339,35.4,77.55
0,0.745,31.3,99.89
106,0.745,31.3,98.59
212,0.745,31.3,96.6
318,0.745,31.3,94.68
425,0.745,31.3,93.2
531,0.745,31.3,91.05
637,0.745,31.3,88.95
743,0.745,31.3,87.55
850,0.745,31.3,85.4
956,0.745,31.3,83.67
1062,0.745,31.3,81.42
1169,0.745,31.3,79.2
0,0.962,39.8,99.86
191,0.962,39.8,95.6
383,0.962,39.8,91.57
574,0.962,39.8,86.24
766,0.962,39.8,81.31
957,0.962,39.8,77.33
1149,0.962,39.8,71.72
1340,0.962,39.8,67.4
1532,0.962,39.8,61.28
1723,0.962,39.8,56.93
1915,0.962,39.8,52.4
2107,0.962,39.8,46.59
0,0.602,20.8,100.0
115,0.602,20.8,98.47
231,0.602,20.8,97.35
346,0.602,20.8,95.57
462,0.602,20.8,95.13
577,0.602,20.8,93.56
693,0.602,20.8,91.69
808,0.602,20.8,89.85
924,0.602,20.8,89.32
1039,0.602,20.8,87.18
1155,0.602,20.8,85.43
1271,0.602,20.8,83.7
0,0.534,18.8,100.0
68,0.534,18.8,99.22
136,0.534,18.8,98.78
204,0.534,18.8,97.68
272,0.534,18.8,97.23
340,0.534,18.8,97.14
408,0.534,18.8,95.6
476,0.534,18.8,95.11
544,0.534,18.8,93.67
612,0.534,18.8,93.99
680,0.534,18.8,92.52
748,0.534,18.8,92.29
0,0.628,33.3,100.0
36,0.628,33.3,99.34
73,0.628,33.3,99.33
109,0.628,33.3,98.13
146,0.628,33.3,98.09
183,0.628,33.3,97.1
219,0.628,33.3,96.79
256,0.628,33.3,95.91
293,0.628,33.3,95.49
329,0.628,33.3,94.51
366,0.628,33.3,94.37
403,0.628,33.3,93.69
0,0.553,28.6,99.78
16,0.553,28.6,99.77
32,0.553,28.6,99.27
48,0.553,28.6,100.0
64,0.553,28.6,99.6
80,0.553,28.6,99.12
96,0.553,28.6,99.23
112,0.553,28.6,97.92
128,0.553,28.6,97.5
144,0.553,28.6,98.05
160,0.553,28.6,97.49
176,0.553,28.6,97.68
0,0.687,35.4,99.6
52,0.687,35.4,99.33
105,0.687,35.4,98.31
158,0.687,35.4,97.51
211,0.687,35.4,96.28
264,0.687,35.4,96.01
316,0.687,35.4,94.56
369,0.687,35.4,94.26
422,0.687,35.4,92.4
475,0.687,35.4,91.97
528,0.687,35.4,90.72
581,0.687,35.4,89.64
0,0.764,26.9,98.93
103,0.764,26.9,98.98
206,0.764,26.9,97.4
309,0.764,26.9,96.02
412,0.764,26.9,93.72
515,0.764,26.9,91.62
618,0.764,26.9,90.25
721,0.764,26.9,88.71
824,0.764,26.9,86.66
927,0.764,26.9,85.88
1030,0.764,26.9,84.36
1133,0.764,26.9,82.02
0,0.648,19.9,100.0
197,0.648,19.9,97.77
394,0.648,19.9,95.23
592,0.648,19.9,93.0
789,0.648,19.9,90.1
986,0.648,19.9,87.81
1184,0.648,19.9,84.66
1381,0.648,19.9,82.94
1578,0.648,19.9,79.9
1776,0.648,19.9,77.69
1973,0.648,19.9,74.56
2171,0.648,19.9,71.91
0,0.432,34.3,99.83
107,0.432,34.3,98.66
214,0.432,34.3,97.27
322,0.432,34.3,95.14
429,0.432,34.3,94.16
536,0.432,34.3,93.0
644,0.432,34.3,91.04
751,0.432,34.3,89.55
858,0.432,34.3,88.13
966,0.432,34.3,86.45
1073,0.432,34.3,84.56
1181,0.432,34.3,83.31
0,0.829,21.6,99.87
74,0.829,21.6,98.55
149,0.829,21.6,98.32
224,0.829,21.6,96.88
299,0.829,21.6,95.52
374,0.829,21.6,94.74
449,0.829,21.6,93.17
524,0.829,21.6,92.1
599,0.829,21.6,90.81
674,0.829,21.6,89.8
749,0.829,21.6,89.5
824,0.829,21.6,87.61
0,0.734,23.1,99.64
79,0.734,23.1,99.02
159,0.734,23.1,97.94
239,0.734,23.1,97.63
318,0.734,23.1,95.92
398,0.734,23.1,94.35
478,0.734,23.1,93.65
558,0.734,23.1,92.99
637,0.734,23.1,90.52
717,0.734,23.1,89.62
797,0.734,23.1,88.64
877,0.734,23.1,87.39
0,0.59,19.9,100.0
159,0.59,19.9,97.79
318,0.59,19.9,96.38
477,0.59,19.9,94.94
637,0.59,19.9,92.64
796,0.59,19.9,90.37
955,0.59,19.9,88.28
1114,0.59,19.9,86.69
1274,0.59,19.9,84.51
1433,0.59,19.9,82.84
1592,0.59,19.9,80.27
1752,0.59,19.9,79.01
0,0.671,30.3,99.85
113,0.671,30.3,98.13
226,0.671,30.3,96.46
340,0.671,30.3,94.79
453,0.671,30.3,93.02
567,0.671,30.3,90.92
680,0.671,30.3,88.65
794,0.671,30.3,87.28
907,0.671,30.3,85.72
1021,0.671,30.3,83.74
1134,0.671,30.3,82.21
1248,0.671,30.3,80.55
0,0.787,38.7,100.0
117,0.787,38.7,98.39
235,0.787,38.7,96.05
352,0.787,38.7,93.3
470,0.787,38.7,90.73
587,0.787,38.7,87.9
705,0.787,38.7,85.41
822,0.787,38.7,82.76
940,0.787,38.7,80.5
1057,0.787,38.7,77.45
1175,0.787,38.7,75.01
1293,0.787,38.7,71.62
0,0.96,27.5,100.0
121,0.96,27.5,98.09
242,0.96,27.5,96.33
363,0.96,27.5,93.17
484,0.96,27.5,92.19
605,0.96,27.5,89.45
727,0.96,27.5,86.81
848,0.96,27.5,84.91
969,0.96,27.5,81.66
1090,0.96,27.5,79.61
1211,0.96,27.5,77.85
1333,0.96,27.5,74.29
0,0.751,32.7,100.0
85,0.751,32.7,98.1
170,0.751,32.7,97.77
256,0.751,32.7,95.51
341,0.751,32.7,94.05
427,0.751,32.7,92.23
512,0.751,32.7,90.74
598,0.751,32.7,89.69
683,0.751,32.7,87.59
769,0.751,32.7,86.65
854,0.751,32.7,84.57
940,0.751,32.7,82.77
0,0.555,31.4,100.0
93,0.555,31.4,99.02
187,0.555,31.4,97.84
281,0.555,31.4,96.0
374,0.555,31.4,94.38
468,0.555,31.4,93.37
562,0.555,31.4,92.1
656,0.555,31.4,90.0
749,0.555,31.4,88.78
843,0.555,31.4,87.4
937,0.555,31.4,86.13
1031,0.555,31.4,84.48
0,0.777,17.8,99.45
6,0.777,17.8,99.82
12,0.777,17.8,99.81
18,0.777,17.8,99.3
24,0.777,17.8,99.53
30,0.777,17.8,99.53
36,0.777,17.8,99.46
42,0.777,17.8,99.58
48,0.777,17.8,99.23
54,0.777,17.8,99.9
60,0.777,17.8,99.49
67,0.777,17.8,98.95
0,0.667,29.9,99.79
52,0.667,29.9,99.56
104,0.667,29.9,98.55
156,0.667,29.9,98.28
208,0.667,29.9,97.42
260,0.667,29.9,96.24
313,0.667,29.9,95.26
365,0.667,29.9,94.71
417,0.667,29.9,93.65
469,0.667,29.9,93.48
521,0.667,29.9,92.09
574,0.667,29.9,91.07
0,0.567,20.5,100.0
141,0.567,20.5,98.21
282,0.567,20.5,97.28
424,0.567,20.5,94.78
565,0.567,20.5,93.6
707,0.567,20.5,92.25
848,0.567,20.5,89.38
990,0.567,20.5,89.09
1131,0.567,20.5,86.5
1273,0.567,20.5,84.93
1414,0.567,20.5,83.32
1556,0.567,20.5,81.59
0,0.699,36.0,100.0
170,0.699,36.0,97.3
341,0.699,36.0,94.7
512,0.699,36.0,91.15
683,0.699,36.0,86.96
854,0.699,36.0,85.23
1024,0.699,36.0,80.82
1195,0.699,36.0,78.2
1366,0.699,36.0,74.32
1537,0.699,36.0,71.3
1708,0.699,36.0,67.28
1879,0.699,36.0,64.31
0,0.604,40.1,100.0
39,0.604,40.1,99.71
79,0.604,40.1,97.94
119,0.604,40.1,97.97
159,0.604,40.1,97.43
199,0.604,40.1,96.64
238,0.604,40.1,96.19
278,0.604,40.1,94.99
318,0.604,40.1,94.39
358,0.604,40.1,94.05
398,0.604,40.1,92.09
438,0.604,40.1,92.34
0,0.59,22.6,100.0
79,0.59,22.6,99.49
159,0.59,22.6,98.13
239,0.59,22.6,97.51
319,0.59,22.6,96.52
399,0.59,22.6,95.19
479,0.59,22.6,93.96
559,0.59,22.6,92.96
639,0.59,22.6,92.45
719,0.59,22.6,91.11
799,0.59,22.6,89.72
879,0.59,22.6,88.45
0,0.8,25.2,100.0
181,0.8,25.2,97.82
363,0.8,25.2,94.11
545,0.8,25.2,91.66
726,0.8,25.2,88.7
908,0.8,25.2,85.91
1090,0.8,25.2,83.21
1272,0.8,25.2,79.28
1453,0.8,25.2,76.9
1635,0.8,25.2,73.99
1817,0.8,25.2,70.48
1999,0.8,25.2,67.39
0,0.725,31.4,100.0
70,0.725,31.4,98.61
141,0.725,31.4,98.16
212,0.725,31.4,97.06
282,0.725,31.4,95.54
353,0.725,31.4,93.75
424,0.725,31.4,93.02
495,0.725,31.4,91.91
565,0.725,31.4,90.22
636,0.725,31.4,89.26
707,0.725,31.4,87.64
778,0.725,31.4,87.09
0,0.68,17.5,100.0
159,0.68,17.5,98.23
319,0.68,17.5,96.54
479,0.68,17.5,94.28
639,0.68,17.5,92.17
799,0.68,17.5,90.18
958,0.68,17.5,88.26
1118,0.68,17.5,86.42
1278,0.68,17.5,84.42
1438,0.68,17.5,82.24
1598,0.68,17.5,80.09
1758,0.68,17.5,78.03
0,0.98,23.6,100.0
117,0.98,23.6,98.34
234,0.98,23.6,95.77
352,0.98,23.6,94.54
469,0.98,23.6,91.9
587,0.98,23.6,90.47
704,0.98,23.6,88.0
822,0.98,23.6,85.82
939,0.98,23.6,84.43
1057,0.98,23.6,81.93
1174,0.98,23.6,79.94
1292,0.98,23.6,77.6
0,0.57,33.3,100.0
36,0.57,33.3,99.57
72,0.57,33.3,99.64
108,0.57,33.3,98.79
144,0.57,33.3,98.03
180,0.57,33.3,97.51
216,0.57,33.3,96.92
252,0.57,33.3,95.89
288,0.57,33.3,95.74
324,0.57,33.3,95.29
360,0.57,33.3,94.51
396,0.57,33.3,94.21
0,0.654,34.4,100.0
72,0.654,34.4,98.43
145,0.654,34.4,98.36
218,0.654,34.4,96.47
291,0.654,34.4,95.26
364,0.654,34.4,93.92
437,0.654,34.4,92.61
510,0.654,34.4,92.04
583,0.654,34.4,90.71
656,0.654,34.4,89.09
729,0.654,34.4,87.6
802,0.654,34.4,86.55
0,0.663,27.7,100.0
64,0.663,27.7,99.01
128,0.663,27.7,98.36
192,0.663,27.7,97.43
256,0.663,27.7,96.64
320,0.663,27.7,95.27
384,0.663,27.7,94.78
448,0.663,27.7,93.25
512,0.663,27.7,92.4
576,0.663,27.7,91.44
640,0.663,27.7,90.27
704,0.663,27.7,90.02
0,0.476,24.1,99.8
15,0.476,24.1,99.79
31,0.476,24.1,99.34
47,0.476,24.1,99.82
63,0.476,24.1,99.66
79,0.476,24.1,99.45
94,0.476,24.1,99.21
110,0.476,24.1,98.88
126,0.476,24.1,98.49
142,0.476,24.1,98.21
158,0.476,24.1,98.77
174,0.476,24.1,98.41
0,0.525,29.3,99.89
164,0.525,29.3,97.55
329,0.525,29.3,95.79
494,0.525,29.3,93.31
659,0.525,29.3,90.81
824,0.525,29.3,88.28
988,0.525,29.3,85.9
1153,0.525,29.3,83.94
1318,0.525,29.3,81.63
1483,0.525,29.3,78.94
1648,0.525,29.3,77.04
1813,0.525,29.3,74.35
0,0.754,27.7,100.0
45,0.754,27.7,98.94
91,0.754,27.7,98.89
136,0.754,27.7,97.69
182,0.754,27.7,97.63
228,0.754,27.7,96.48
273,0.754,27.7,96.26
319,0.754,27.7,94.76
365,0.754,27.7,94.18
410,0.754,27.7,93.83
456,0.754,27.7,93.36
502,0.754,27.7,92.78
0,0.657,41.9,99.9
109,0.657,41.9,98.4
218,0.657,41.9,95.55
327,0.657,41.9,93.84
436,0.657,41.9,90.65
545,0.657,41.9,88.83
655,0.657,41.9,87.09
764,0.657,41.9,84.17
873,0.657,41.9,82.47
982,0.657,41.9,80.31
1091,0.657,41.9,77.48
1201,0.657,41.9,74.95
0,0.565,22.2,100.0
128,0.565,22.2,98.49
256,0.565,22.2,97.68
385,0.565,22.2,95.28
513,0.565,22.2,94.45
641,0.565,22.2,92.01
770,0.565,22.2,90.78
898,0.565,22.2,89.55
1026,0.565,22.2,87.9
1155,0.565,22.2,85.7
1283,0.565,22.2,84.39
1412,0.565,22.2,82.67
0,0.553,33.3,100.0
28,0.553,33.3,99.8
56,0.553,33.3,99.45
85,0.553,33.3,99.08
113,0.553,33.3,97.93
141,0.553,33.3,98.19
170,0.553,33.3,97.25
198,0.553,33.3,96.98
226,0.553,33.3,97.53
255,0.553,33.3,96.24
283,0.553,33.3,95.65
312,0.553,33.3,95.87
0,0.479,25.9,100.0
115,0.479,25.9,98.2
230,0.479,25.9,97.59
346,0.479,25.9,95.87
461,0.479,25.9,95.14
577,0.479,25.9,92.95
692,0.479,25.9,92.1
808,0.479,25.9,90.89
923,0.479,25.9,88.51
1039,0.479,25.9,87.26
1154,0.479,25.9,85.98
1270,0.479,25.9,84.05
0,0.699,27.4,99.91
190,0.699,27.4,97.34
381,0.699,27.4,94.47
571,0.699,27.4,91.56
762,0.699,27.4,88.29
953,0.699,27.4,85.26
1143,0.699,27.4,82.35
1334,0.699,27.4,79.28
1525,0.699,27.4,76.01
1715,0.699,27.4,73.15
1906,0.699,27.4,69.25
2097,0.699,27.4,66.45
0,0.6,23.0,100.0
185,0.6,23.0,97.89
371,0.6,23.0,95.32
556,0.6,23.0,93.1
742,0.6,23.0,90.24
927,0.6,23.0,88.15
1113,0.6,23.0,85.39
1298,0.6,23.0,83.12
1484,0.6,23.0,79.78
1669,0.6,23.0,77.75
1855,0.6,23.0,76.09
2041,0.6,23.0,73.29
0,0.887,38.7,100.0
67,0.887,38.7,98.52
135,0.887,38.7,96.87
202,0.887,38.7,96.18
270,0.887,38.7,94.3
338,0.887,38.7,93.62
405,0.887,38.7,91.11
473,0.887,38.7,90.37
541,0.887,38.7,88.06
608,0.887,38.7,87.04
676,0.887,38.7,85.58
744,0.887,38.7,83.04
0,0.563,21.8,100.0
26,0.563,21.8,99.67
53,0.563,21.8,99.47
79,0.563,21.8,99.36
106,0.563,21.8,98.21
132,0.563,21.8,99.02
159,0.563,21.8,98.13
185,0.563,21.8,98.14
212,0.563,21.8,97.86
238,0.563,21.8,97.82
265,0.563,21.8,96.98
292,0.563,21.8,95.96
0,0.66,30.4,99.64
47,0.66,30.4,99.41
94,0.66,30.4,98.55
142,0.66,30.4,97.49
189,0.66,30.4,97.48
236,0.66,30.4,96.32
284,0.66,30.4,95.63
331,0.66,30.4,94.88
378,0.66,30.4,94.73
426,0.66,30.4,93.52
473,0.66,30.4,92.81
521,0.66,30.4,91.86
0,0.733,38.4,100.0
127,0.733,38.4,97.91
255,0.733,38.4,94.73
383,0.733,38.4,92.36
510,0.733,38.4,90.02
638,0.733,38.4,87.21
766,0.733,38.4,84.44
894,0.733,38.4,81.48
1021,0.733,38.4,78.99
1149,0.733,38.4,76.66
1277,0.733,38.4,74.0
1405,0.733,38.4,71.01
0,0.664,26.0,100.0
137,0.664,26.0,98.16
274,0.664,26.0,96.54
411,0.664,26.0,94.41
548,0.664,26.0,91.85
685,0.664,26.0,90.29
823,0.664,26.0,87.83
960,0.664,26.0,86.16
1097,0.664,26.0,83.87
1234,0.664,26.0,82.17
1371,0.664,26.0,79.47
1509,0.664,26.0,77.82
0,0.753,35.4,100.0
83,0.753,35.4,98.67
166,0.753,35.4,97.65
249,0.753,35.4,95.06
332,0.753,35.4,93.7
415,0.753,35.4,93.42
498,0.753,35.4,90.74
581,0.753,35.4,88.57
664,0.753,35.4,87.41
747,0.753,35.4,85.01
830,0.753,35.4,84.42
913,0.753,35.4,82.97
0,0.486,25.7,100.0
111,0.486,25.7,98.17
223,0.486,25.7,97.01
334,0.486,25.7,96.06
446,0.486,25.7,94.51
558,0.486,25.7,93.28
669,0.486,25.7,91.55
781,0.486,25.7,90.66
893,0.486,25.7,89.11
1004,0.486,25.7,87.93
1116,0.486,25.7,86.37
1228,0.486,25.7,84.93
0,0.39,32.4,99.94
77,0.39,32.4,99.5
155,0.39,32.4,97.93
232,0.39,32.4,97.7
310,0.39,32.4,96.75
387,0.39,32.4,95.52
465,0.39,32.4,93.9
542,0.39,32.4,92.48
620,0.39,32.4,92.59
697,0.39,32.4,91.24
775,0.39,32.4,89.9
853,0.39,32.4,89.53
0,0.495,26.0,100.0
84,0.495,26.0,98.69
168,0.495,26.0,98.06
252,0.495,26.0,97.46
336,0.495,26.0,96.13
420,0.495,26.0,95.45
504,0.495,26.0,94.36
588,0.495,26.0,92.9
672,0.495,26.0,91.01
756,0.495,26.0,90.37
840,0.495,26.0,89.94
925,0.495,26.0,88.03
0,0.591,31.4,99.8
12,0.591,31.4,99.63
24,0.591,31.4,99.68
37,0.591,31.4,99.64
49,0.591,31.4,99.3
62,0.591,31.4,99.54
74,0.591,31.4,98.73
87,0.591,31.4,98.87
99,0.591,31.4,98.81
112,0.591,31.4,98.33
124,0.591,31.4,98.59
137,0.591,31.4,98.16
0,0.792,30.4,100.0
66,0.792,30.4,98.77
133,0.792,30.4,97.67
199,0.792,30.4,97.21
266,0.792,30.4,95.85
333,0.792,30.4,94.11
399,0.792,30.4,93.37
466,0.792,30.4,91.29
533,0.792,30.4,90.73
599,0.792,30.4,90.09
666,0.792,30.4,88.5
733,0.792,30.4,87.37
0,0.25,26.3,100.0
160,0.25,26.3,98.95
320,0.25,26.3,97.05
480,0.25,26.3,95.53
640,0.25,26.3,93.57
800,0.25,26.3,92.39
961,0.25,26.3,90.42
1121,0.25,26.3,88.61
1281,0.25,26.3,87.26
1441,0.25,26.3,86.54
1601,0.25,26.3,84.28
1762,0.25,26.3,82.8
0,0.558,16.5,100.0
187,0.558,16.5,97.41
374,0.558,16.5,96.02
561,0.558,16.5,94.19
748,0.558,16.5,92.24
935,0.558,16.5,89.84
1123,0.558,16.5,87.35
1310,0.558,16.5,85.6
1497,0.558,16.5,83.5
1684,0.558,16.5,81.35
1871,0.558,16.5,79.81
2059,0.558,16.5,76.88
0,0.704,30.1,99.95
198,0.704,30.1,97.3
396,0.704,30.1,93.77
594,0.704,30.1,90.71
792,0.704,30.1,86.7
990,0.704,30.1,82.93
1189,0.704,30.1,80.57
1387,0.704,30.1,77.15
1585,0.704,30.1,73.71
1783,0.704,30.1,69.88
1981,0.704,30.1,67.08
2180,0.704,30.1,62.86
0,0.726,33.2,100.0
111,0.726,33.2,98.12
222,0.726,33.2,96.11
333,0.726,33.2,93.88
445,0.726,33.2,92.95
556,0.726,33.2,90.56
667,0.726,33.2,88.55
778,0.726,33.2,87.45
890,0.726,33.2,84.4
1001,0.726,33.2,81.77
1112,0.726,33.2,80.08
1224,0.726,33.2,77.7
0,0.579,26.2,99.51
170,0.579,26.2,98.46
341,0.579,26.2,95.76
512,0.579,26.2,93.26
683,0.579,26.2,91.25
854,0.579,26.2,88.77
1024,0.579,26.2,86.31
1195,0.579,26.2,84.02
1366,0.579,26.2,81.39
1537,0.579,26.2,79.11
1708,0.579,26.2,76.67
1879,0.579,26.2,73.98
0,0.61,39.7,99.83
88,0.61,39.7,98.68
177,0.61,39.7,97.11
265,0.61,39.7,95.16
354,0.61,39.7,93.44
443,0.61,39.7,91.93
531,0.61,39.7,90.22
620,0.61,39.7,88.18
709,0.61,39.7,86.76
797,0.61,39.7,85.37
886,0.61,39.7,83.99
975,0.61,39.7,82.01
0,0.25,33.5,100.0
168,0.25,33.5,98.27
336,0.25,33.5,96.37
504,0.25,33.5,94.51
672,0.25,33.5,92.62
840,0.25,33.5,91.15
1008,0.25,33.5,88.7
1176,0.25,33.5,87.11
1344,0.25,33.5,85.06
1512,0.25,33.5,82.95
1680,0.25,33.5,80.07
1849,0.25,33.5,79.05
0,0.568,34.0,99.66
71,0.568,34.0,98.6
142,0.568,34.0,98.65
214,0.568,34.0,96.53
285,0.568,34.0,96.16
357,0.568,34.0,94.67
428,0.568,34.0,93.35
500,0.568,34.0,92.33
571,0.568,34.0,90.75
643,0.568,34.0,90.03
714,0.568,34.0,88.5
786,0.568,34.0,87.56
0,0.817,30.8,100.0
196,0.817,30.8,96.74
393,0.817,30.8,93.04
590,0.817,30.8,89.89
787,0.817,30.8,85.91
984,0.817,30.8,81.85
1180,0.817,30.8,79.17
1377,0.817,30.8,74.74
1574,0.817,30.8,70.91
1771,0.817,30.8,66.97
1968,0.817,30.8,63.67
2165,0.817,30.8,59.21
0,0.372,24.2,100.0
49,0.372,24.2,99.85
98,0.372,24.2,98.99
147,0.372,24.2,99.08
196,0.372,24.2,98.36
245,0.372,24.2,97.51
295,0.372,24.2,97.02
344,0.372,24.2,96.69
393,0.372,24.2,95.77
442,0.372,24.2,95.54
491,0.372,24.2,95.13
541,0.372,24.2,93.89
0,0.616,26.9,99.35
74,0.616,26.9,98.95
148,0.616,26.9,97.93
222,0.616,26.9,97.43
296,0.616,26.9,96.05
370,0.616,26.9,95.66
444,0.616,26.9,94.22
518,0.616,26.9,92.78
592,0.616,26.9,91.95
666,0.616,26.9,90.67
740,0.616,26.9,90.01
814,0.616,26.9,88.16
0,0.502,32.2,100.0
194,0.502,32.2,96.67
389,0.502,32.2,95.17
583,0.502,32.2,91.83
778,0.502,32.2,88.34
972,0.502,32.2,85.05
1167,0.502,32.2,82.63
1361,0.502,32.2,80.2
1556,0.502,32.2,77.2
1750,0.502,32.2,74.45
1945,0.502,32.2,71.02
2140,0.502,32.2,67.78
0,0.576,29.2,99.72
184,0.576,29.2,97.89
368,0.576,29.2,94.76
552,0.576,29.2,92.0
736,0.576,29.2,89.41
920,0.576,29.2,87.23
1104,0.576,29.2,84.03
1288,0.576,29.2,81.03
1472,0.576,29.2,78.78
1656,0.576,29.2,76.37
1840,0.576,29.2,72.84
2024,0.576,29.2,70.34
0,0.836,24.8,100.0
58,0.836,24.8,98.75
117,0.836,24.8,98.24
175,0.836,24.8,97.21
234,0.836,24.8,96.37
292,0.836,24.8,95.34
351,0.836,24.8,94.56
409,0.836,24.8,93.92
468,0.836,24.8,92.74
526,0.836,24.8,91.19
585,0.836,24.8,90.62
644,0.836,24.8,89.38
0,0.694,32.5,99.72
9,0.694,32.5,99.96
18,0.694,32.5,99.58
28,0.694,32.5,99.2
37,0.694,32.5,99.72
46,0.694,32.5,99.61
56,0.694,32.5,99.5
65,0.694,32.5,98.82
74,0.694,32.5,99.3
84,0.694,32.5,98.56
93,0.694,32.5,98.82
103,0.694,32.5,98.25
0,0.61,12.1,99.89
194,0.61,12.1,98.23
388,0.61,12.1,96.12
582,0.61,12.1,94.9
776,0.61,12.1,91.86
970,0.61,12.1,90.03
1164,0.61,12.1,87.84
1358,0.61,12.1,85.88
1552,0.61,12.1,84.34
1746,0.61,12.1,82.39
1940,0.61,12.1,79.51
2135,0.61,12.1,77.36
